Date,Category_Level_8,Link_to_Creative,Spend_USD
2024-01,Business Credit Cards,https://x-ad-assets.s3.amazonaws.com/media_asset/706d1ac423bb79a9/media,662420.3282
2024-01,Business Credit Cards,https://x-ad-assets.s3.amazonaws.com/media_asset/662b234392cc8668/media,616293.4305
2024-01,Business Credit Cards,https://x-ad-assets.s3.amazonaws.com/media_asset/f91c3575b82eca40/media,430247.3507
2024-01,Business Finance & Business Solutions,https://s3.amazonaws.com/YM_Ads/3oV0spkdXdp106pdtNpQTw.png,4506.3216
2024-01,Business Finance & Business Solutions,https://s3.amazonaws.com/YM_Ads/WO7AepTGk7DhRV-kz86Icw.png,3588.9793
2024-01,Business Finance & Business Solutions,https://s3.amazonaws.com/YM_Ads/g3VJB0hRmHqd49UOV2D1bw.png,3164.859
2024-01,Car Buying Services,https://s3.amazonaws.com/YM_Ads/1aGGjodIReSiYx2VQEDFVA.png,109599.6606
2024-01,Car Buying Services,https://s3.amazonaws.com/YM_Ads/7TO2F1cU5z_jBlxTpkNPWw.png,109359.0567
2024-01,Car Buying Services,https://s3.amazonaws.com/YM_Ads/Jmvcxyv5snbJrHiRw4JlUA.png,85258.505
2024-01,Cardholder Benefits,https://s3.amazonaws.com/YM_Ads/-2669878675409100247.png,12672.1764
2024-01,Cardholder Benefits,https://s3.amazonaws.com/YM_Ads/7197562435513943074.png,8816.0189
2024-01,Cardholder Benefits,https://s3.amazonaws.com/YM_Ads/-3651180812286207519.png,4752.2514
2024-01,Certificate of Deposit Accounts,https://s3.amazonaws.com/YM_Ads/1586485183246953749.png,145162.9484
2024-01,Certificate of Deposit Accounts,https://s3.amazonaws.com/YM_Ads/7787298822459641772.png,90148.1551
2024-01,Certificate of Deposit Accounts,https://s3.amazonaws.com/YM_Ads/-6991885883936868166.png,75947.6804
2024-01,Checking Accounts,https://x-ad-assets.s3.amazonaws.com/media_asset/99c2ed5b708c5414/media,125907.9845
2024-01,Checking Accounts,https://x-ad-assets.s3.amazonaws.com/media_asset/2ee388622bcb26aa/media,99939.198
2024-01,Checking Accounts,https://x-ad-assets.s3.amazonaws.com/media_asset/94b0b3d0be10b65d/media,78305.0975
2024-01,Consumer Banking,https://x-ad-assets.s3.amazonaws.com/media_asset/80bd79e80bc40319/media,1167222.8052
2024-01,Consumer Banking,https://x-ad-assets.s3.amazonaws.com/media_asset/2c484bc1fc2ebcff/media,789318.9649
2024-01,Consumer Banking,https://x-ad-assets.s3.amazonaws.com/media_asset/3a8381a19166256c/media,510321.61289999995
2024-01,Consumer Credit Cards,https://x-ad-assets.s3.amazonaws.com/media_asset/6c74a206a0b31394/media,1562551.008
2024-01,Consumer Credit Cards,https://x-ad-assets.s3.amazonaws.com/media_asset/37ebee1ab6d757a3/media,912526.3966
2024-01,Consumer Credit Cards,https://x-ad-assets.s3.amazonaws.com/media_asset/a35b6eaec19c3339/media,769627.1104
2024-01,"Corporate, Institutional, and Wholesale Banking",https://s3.amazonaws.com/YM_Ads/a4odiJ1mKNeLfBvmqnaKng.mp4,10100.3556
2024-01,"Corporate, Institutional, and Wholesale Banking",https://s3.amazonaws.com/YM_Ads/l0paKxClg424oNRgRZukqQ.jpg,1817.2444
2024-01,"Corporate, Institutional, and Wholesale Banking",https://s3.amazonaws.com/YM_Ads/Qea3UBkzTJyr96AIqSRKKQ.jpg,1504.1702
2024-01,Coupons & Rebates,https://s3.amazonaws.com/YM_Ads/ZX2dDxIiLYjKQe7h_p6L5A.png,187750.7167
2024-01,Coupons & Rebates,https://s3.amazonaws.com/YM_Ads/m2bUwzWCBxCZeKqmW3Ltqg.png,48984.1007
2024-01,Coupons & Rebates,https://s3.amazonaws.com/YM_Ads/su_b-Ohr6vk1Fb0Rpi2s1g.png,38680.0218
2024-01,Credit Cards,https://s3.amazonaws.com/YM_Ads/-7091761275134699006.png,11346.9309
2024-01,Credit Cards,https://s3.amazonaws.com/YM_Ads/HHo2DafAZRycJWHvvFlIvg.png,3348.8343
2024-01,Credit Cards,https://s3.amazonaws.com/YM_Ads/e8ojRtn9AS5VwjErw8eFkw.png,1062.5113000000001
2024-01,Finance Careers,https://s3.amazonaws.com/YM_Ads/I1RUkja8L6vmUTZQDxLjJQ.mp4,133443.1342
2024-01,Finance Careers,https://s3.amazonaws.com/YM_Ads/w_tEl1bYBrlR_fA4ZasqAQ.mp4,64660.745
2024-01,Finance Careers,https://s3.amazonaws.com/YM_Ads/_0PEGruivsFDr14knkvB5w.mp4,56183.154500000004
2024-01,Financial Services,https://s3.amazonaws.com/YM_Ads/LEq74B4BzS3BbmhIjz9FDA.mp4,79224.0027
2024-01,Financial Services,https://x-ad-assets.s3.amazonaws.com/media_asset/b887855fc3286fcf/media,76895.3815
2024-01,Financial Services,https://x-ad-assets.s3.amazonaws.com/media_asset/cf4ffef33bfbd18b/media,36898.8551
2024-01,Savings Accounts,https://s3.amazonaws.com/YM_Ads/645233030685019561.png,495559.88910000003
2024-01,Savings Accounts,https://s3.amazonaws.com/YM_Ads/8278193215417937680.png,357463.9686
2024-01,Savings Accounts,https://s3.amazonaws.com/YM_Ads/7018208595988310939.png,113301.8789
2024-02,Business Credit Cards,https://x-ad-assets.s3.amazonaws.com/media_asset/706d1ac423bb79a9/media,647176.3092
2024-02,Business Credit Cards,https://s3.amazonaws.com/YM_Ads/pTshOSU0n3TPa6ozSyEWHQ.png,527432.1518
2024-02,Business Credit Cards,https://x-ad-assets.s3.amazonaws.com/media_asset/662b234392cc8668/media,410887.32300000003
2024-02,Business Finance & Business Solutions,https://s3.amazonaws.com/YM_Ads/3oV0spkdXdp106pdtNpQTw.png,186.7495
2024-02,Business Finance & Business Solutions,https://s3.amazonaws.com/YM_Ads/El3KN9jHQNXn1ANAGuszqg.png,173.3109
2024-02,Car Buying Services,https://s3.amazonaws.com/YM_Ads/Jmvcxyv5snbJrHiRw4JlUA.png,103701.4299
2024-02,Car Buying Services,https://s3.amazonaws.com/YM_Ads/1aGGjodIReSiYx2VQEDFVA.png,97649.5296
2024-02,Car Buying Services,https://s3.amazonaws.com/YM_Ads/7TO2F1cU5z_jBlxTpkNPWw.png,90897.8618
2024-02,Cardholder Benefits,https://x-ad-assets.s3.amazonaws.com/media_asset/10cea97c88b032ff/media,86955.4678
2024-02,Cardholder Benefits,https://s3.amazonaws.com/YM_Ads/247775080123507233.png,74563.1188
2024-02,Cardholder Benefits,https://s3.amazonaws.com/YM_Ads/2014886101156339408.png,72640.6055
2024-02,Certificate of Deposit Accounts,https://s3.amazonaws.com/YM_Ads/1586485183246953749.png,125571.4563
2024-02,Certificate of Deposit Accounts,https://s3.amazonaws.com/YM_Ads/3866107542895925003.png,108615.3675
2024-02,Certificate of Deposit Accounts,https://s3.amazonaws.com/YM_Ads/4099629314085085265.png,74302.56450000001
2024-02,Checking Accounts,https://x-ad-assets.s3.amazonaws.com/media_asset/99c2ed5b708c5414/media,276930.0402
2024-02,Checking Accounts,https://x-ad-assets.s3.amazonaws.com/media_asset/85ae13571b1b7c7f/media,66956.7561
2024-02,Checking Accounts,https://s3.amazonaws.com/YM_Ads/-4517428492616297246.png,48926.3278
2024-02,Consumer Banking,https://x-ad-assets.s3.amazonaws.com/media_asset/80bd79e80bc40319/media,1737524.8442
2024-02,Consumer Banking,https://x-ad-assets.s3.amazonaws.com/media_asset/2c484bc1fc2ebcff/media,1088474.9455
2024-02,Consumer Banking,https://x-ad-assets.s3.amazonaws.com/media_asset/7f1d4fe44e1da128/media,328716.3351
2024-02,Consumer Credit Cards,https://x-ad-assets.s3.amazonaws.com/media_asset/6c74a206a0b31394/media,1362562.5822
2024-02,Consumer Credit Cards,https://x-ad-assets.s3.amazonaws.com/media_asset/664eb6726159d0c8/media,579212.2717
2024-02,Consumer Credit Cards,https://x-ad-assets.s3.amazonaws.com/media_asset/bfb550c8758c8c1b/media,465971.8473
2024-02,"Corporate, Institutional, and Wholesale Banking",https://s3.amazonaws.com/YM_Ads/a4odiJ1mKNeLfBvmqnaKng.mp4,19446.7631
2024-02,"Corporate, Institutional, and Wholesale Banking",https://s3.amazonaws.com/YM_Ads/l0paKxClg424oNRgRZukqQ.jpg,822.2951
2024-02,"Corporate, Institutional, and Wholesale Banking",https://s3.amazonaws.com/YM_Ads/XKJjy4zbdqaLlIBd2G7whw.jpg,768.5716
2024-02,Coupons & Rebates,https://s3.amazonaws.com/YM_Ads/ZX2dDxIiLYjKQe7h_p6L5A.png,403742.4498
2024-02,Coupons & Rebates,https://s3.amazonaws.com/YM_Ads/ta4Oj9x0P6ZMOWdC-4t_MQ.png,96483.5208
2024-02,Coupons & Rebates,https://s3.amazonaws.com/YM_Ads/FX6ILPQdFiUsuvm6qUq0Zw.png,93354.6621
2024-02,Credit Cards,https://s3.amazonaws.com/YM_Ads/-7091761275134699006.png,2847.6978
2024-02,Credit Cards,https://s3.amazonaws.com/YM_Ads/HHo2DafAZRycJWHvvFlIvg.png,1171.8026
2024-02,Credit Cards,https://s3.amazonaws.com/YM_Ads/TV-o1BHEoyofxywBb9Oiyg.png,699.9843000000001
2024-02,Finance Careers,https://s3.amazonaws.com/YM_Ads/x2-OBR-eU3yw3zaOEmHhxw.mp4,69633.43609999999
2024-02,Finance Careers,https://s3.amazonaws.com/YM_Ads/cmZ4ZI_gUyJXaHIJNqyRzQ.mp4,24211.2713
2024-02,Finance Careers,https://s3.amazonaws.com/YM_Ads/T0optlpIzsQJdBXI4GseSA.mp4,8611.0928
2024-02,Financial Services,https://s3.amazonaws.com/YM_Ads/IWNkByDmYn0kTGVH_ek_7A.png,60765.0643
2024-02,Financial Services,https://x-ad-assets.s3.amazonaws.com/media_asset/b887855fc3286fcf/media,57926.7995
2024-02,Financial Services,https://s3.amazonaws.com/YM_Ads/LEq74B4BzS3BbmhIjz9FDA.mp4,57171.3114
2024-02,Savings Accounts,https://s3.amazonaws.com/YM_Ads/8278193215417937680.png,316270.0244
2024-02,Savings Accounts,https://s3.amazonaws.com/YM_Ads/645233030685019561.png,266315.1106
2024-02,Savings Accounts,https://s3.amazonaws.com/YM_Ads/-3717766613815414684.png,60474.015
2024-03,Business Credit Cards,https://x-ad-assets.s3.amazonaws.com/media_asset/a1156bd68bc51f06/media,1032479.6216000001
2024-03,Business Credit Cards,https://x-ad-assets.s3.amazonaws.com/media_asset/706d1ac423bb79a9/media,658011.1106
2024-03,Business Credit Cards,https://x-ad-assets.s3.amazonaws.com/media_asset/662b234392cc8668/media,371872.2286
2024-03,Business Finance & Business Solutions,https://s3.amazonaws.com/YM_Ads/7NeNONZx7mjNwhWVdvkmGw.png,3811.7521
2024-03,Business Finance & Business Solutions,https://s3.amazonaws.com/YM_Ads/El3KN9jHQNXn1ANAGuszqg.png,3270.0565
2024-03,Business Finance & Business Solutions,https://s3.amazonaws.com/YM_Ads/YjrYpg0YS-wn1GovCHUcwg.png,1937.5549
2024-03,Business Savings Accounts,https://s3.amazonaws.com/YM_Ads/zUf1YI-mybtXxokvEsQ4Hg.png,386.1746
2024-03,Car Buying Services,https://s3.amazonaws.com/YM_Ads/Jmvcxyv5snbJrHiRw4JlUA.png,113994.5777
2024-03,Car Buying Services,https://s3.amazonaws.com/YM_Ads/1aGGjodIReSiYx2VQEDFVA.png,102832.8473
2024-03,Car Buying Services,https://s3.amazonaws.com/YM_Ads/7TO2F1cU5z_jBlxTpkNPWw.png,88560.2555
2024-03,Cardholder Benefits,https://s3.amazonaws.com/YM_Ads/-410353697047153002.png,56108.5244
2024-03,Cardholder Benefits,https://s3.amazonaws.com/YM_Ads/6581349801135390054.png,46129.6667
2024-03,Cardholder Benefits,https://s3.amazonaws.com/YM_Ads/-5986220487738758538.png,16251.0199
2024-03,Certificate of Deposit Accounts,https://s3.amazonaws.com/YM_Ads/7398379580680972426.png,100308.2754
2024-03,Certificate of Deposit Accounts,https://s3.amazonaws.com/YM_Ads/7589964286422949603.png,75868.2562
2024-03,Certificate of Deposit Accounts,https://s3.amazonaws.com/YM_Ads/-1538227019714806081.png,56146.0267
2024-03,Checking Accounts,https://s3.amazonaws.com/YM_Ads/-4517428492616297246.png,242037.8846
2024-03,Checking Accounts,https://s3.amazonaws.com/YM_Ads/-7888626863881174058.png,202916.1538
2024-03,Checking Accounts,https://x-ad-assets.s3.amazonaws.com/media_asset/99c2ed5b708c5414/media,179491.0748
2024-03,Consumer Banking,https://x-ad-assets.s3.amazonaws.com/media_asset/80bd79e80bc40319/media,2024553.5916
2024-03,Consumer Banking,https://x-ad-assets.s3.amazonaws.com/media_asset/2c484bc1fc2ebcff/media,1226738.4043
2024-03,Consumer Banking,https://x-ad-assets.s3.amazonaws.com/media_asset/916daa3825717d1a/media,285628.5974
2024-03,Consumer Credit Cards,https://x-ad-assets.s3.amazonaws.com/media_asset/6c74a206a0b31394/media,1097951.9942
2024-03,Consumer Credit Cards,https://x-ad-assets.s3.amazonaws.com/media_asset/bfb550c8758c8c1b/media,969943.2217
2024-03,Consumer Credit Cards,https://x-ad-assets.s3.amazonaws.com/media_asset/955fb9b9276d98cd/media,825013.2447
2024-03,"Corporate, Institutional, and Wholesale Banking",https://s3.amazonaws.com/YM_Ads/a4odiJ1mKNeLfBvmqnaKng.mp4,30743.8383
2024-03,"Corporate, Institutional, and Wholesale Banking",https://s3.amazonaws.com/YM_Ads/R5FlWv46q64IrnKyJqM7eQ.png,7007.8519
2024-03,"Corporate, Institutional, and Wholesale Banking",https://s3.amazonaws.com/YM_Ads/yCxcTWd9-ZTCxw0tjbIJpg.png,2417.6059999999998
2024-03,Coupons & Rebates,https://s3.amazonaws.com/YM_Ads/ZX2dDxIiLYjKQe7h_p6L5A.png,464318.1119
2024-03,Coupons & Rebates,https://s3.amazonaws.com/YM_Ads/FX6ILPQdFiUsuvm6qUq0Zw.png,134862.8699
2024-03,Coupons & Rebates,https://s3.amazonaws.com/YM_Ads/ta4Oj9x0P6ZMOWdC-4t_MQ.png,108384.4148
2024-03,Credit Cards,https://s3.amazonaws.com/YM_Ads/8670013221356265806.png,26108.7006
2024-03,Credit Cards,https://s3.amazonaws.com/YM_Ads/-7091761275134699006.png,8389.4885
2024-03,Credit Cards,https://s3.amazonaws.com/YM_Ads/HHo2DafAZRycJWHvvFlIvg.png,5185.0039
2024-03,Finance Careers,https://s3.amazonaws.com/YM_Ads/cmZ4ZI_gUyJXaHIJNqyRzQ.mp4,38089.4274
2024-03,Finance Careers,https://s3.amazonaws.com/YM_Ads/T0optlpIzsQJdBXI4GseSA.mp4,5322.7402
2024-03,Finance Careers,https://s3.amazonaws.com/YM_Ads/YAYeI48FHrrcXdmX4dYjYg.mp4,3683.3629
2024-03,Financial Services,https://x-ad-assets.s3.amazonaws.com/media_asset/b887855fc3286fcf/media,65451.0801
2024-03,Financial Services,https://x-ad-assets.s3.amazonaws.com/media_asset/0f1f8016a018d382/media,53736.442500000005
2024-03,Financial Services,https://s3.amazonaws.com/YM_Ads/IWNkByDmYn0kTGVH_ek_7A.png,48498.883499999996
2024-03,Savings Accounts,https://s3.amazonaws.com/YM_Ads/645233030685019561.png,491955.4571
2024-03,Savings Accounts,https://s3.amazonaws.com/YM_Ads/-6059698801507964296.png,422358.25430000003
2024-03,Savings Accounts,https://s3.amazonaws.com/YM_Ads/8278193215417937680.png,334591.0647
2024-04,All Categories,https://x-ad-assets.s3.amazonaws.com/media_asset/f4b92465c50feaac/media,8907.6861
2024-04,Business Credit Cards,https://x-ad-assets.s3.amazonaws.com/media_asset/a1156bd68bc51f06/media,850419.5408
2024-04,Business Credit Cards,https://x-ad-assets.s3.amazonaws.com/media_asset/706d1ac423bb79a9/media,462158.0843
2024-04,Business Credit Cards,https://x-ad-assets.s3.amazonaws.com/media_asset/48bd147cfcde6795/media,320228.7388
2024-04,Business Finance & Business Solutions,https://s3.amazonaws.com/YM_Ads/7NeNONZx7mjNwhWVdvkmGw.png,8557.756
2024-04,Business Finance & Business Solutions,https://s3.amazonaws.com/YM_Ads/3oV0spkdXdp106pdtNpQTw.png,1304.8809
2024-04,Business Finance & Business Solutions,https://s3.amazonaws.com/YM_Ads/YjrYpg0YS-wn1GovCHUcwg.png,1283.9466
2024-04,Car Buying Services,https://s3.amazonaws.com/YM_Ads/Jmvcxyv5snbJrHiRw4JlUA.png,109626.9654
2024-04,Car Buying Services,https://s3.amazonaws.com/YM_Ads/7TO2F1cU5z_jBlxTpkNPWw.png,100069.2913
2024-04,Car Buying Services,https://s3.amazonaws.com/YM_Ads/1aGGjodIReSiYx2VQEDFVA.png,97428.66159999999
2024-04,Cardholder Benefits,https://s3.amazonaws.com/YM_Ads/7235206362320175612.png,88889.6687
2024-04,Cardholder Benefits,https://s3.amazonaws.com/YM_Ads/-9012771719611159846.png,87706.9171
2024-04,Cardholder Benefits,https://s3.amazonaws.com/YM_Ads/-5986220487738758538.png,54497.4962
2024-04,Certificate of Deposit Accounts,https://s3.amazonaws.com/YM_Ads/7589964286422949603.png,693207.2562
2024-04,Certificate of Deposit Accounts,https://s3.amazonaws.com/YM_Ads/1859822762973519453.png,233714.9215
2024-04,Certificate of Deposit Accounts,https://s3.amazonaws.com/YM_Ads/tHAh7IBlVn6zEsdzCXMaRA.png,125400.7255
2024-04,Checking Accounts,https://s3.amazonaws.com/YM_Ads/-4517428492616297246.png,244408.5795
2024-04,Checking Accounts,https://x-ad-assets.s3.amazonaws.com/media_asset/f149d9774b508bb8/media,200787.5205
2024-04,Checking Accounts,https://x-ad-assets.s3.amazonaws.com/media_asset/99c2ed5b708c5414/media,130267.67139999999
2024-04,Consumer Banking,https://x-ad-assets.s3.amazonaws.com/media_asset/80bd79e80bc40319/media,1289252.4966
2024-04,Consumer Banking,https://x-ad-assets.s3.amazonaws.com/media_asset/2c484bc1fc2ebcff/media,727378.0478000001
2024-04,Consumer Banking,https://x-ad-assets.s3.amazonaws.com/media_asset/e539913b0b10f77f/media,525586.3322
2024-04,Consumer Credit Cards,https://x-ad-assets.s3.amazonaws.com/media_asset/37ebee1ab6d757a3/media,1005639.1366
2024-04,Consumer Credit Cards,https://x-ad-assets.s3.amazonaws.com/media_asset/bfb550c8758c8c1b/media,841218.713
2024-04,Consumer Credit Cards,https://x-ad-assets.s3.amazonaws.com/media_asset/cbfb717450bc226f/media,837923.0998
2024-04,"Corporate, Institutional, and Wholesale Banking",https://s3.amazonaws.com/YM_Ads/MlNtF9HHSoWHy0993731Sg.mp4,74036.5437
2024-04,"Corporate, Institutional, and Wholesale Banking",https://x-ad-assets.s3.amazonaws.com/media_asset/f233b289a5da98f4/media,46102.4415
2024-04,"Corporate, Institutional, and Wholesale Banking",https://s3.amazonaws.com/YM_Ads/jL7_gmORk2Ual0j_YZoBDA.webm,38804.3275
2024-04,Coupons & Rebates,https://s3.amazonaws.com/YM_Ads/ZX2dDxIiLYjKQe7h_p6L5A.png,469160.4238
2024-04,Coupons & Rebates,https://s3.amazonaws.com/YM_Ads/su_b-Ohr6vk1Fb0Rpi2s1g.png,200702.8473
2024-04,Coupons & Rebates,https://s3.amazonaws.com/YM_Ads/FX6ILPQdFiUsuvm6qUq0Zw.png,126360.1357
2024-04,Credit Cards,https://s3.amazonaws.com/YM_Ads/8670013221356265806.png,15182.6119
2024-04,Credit Cards,https://s3.amazonaws.com/YM_Ads/HHo2DafAZRycJWHvvFlIvg.png,1586.7513
2024-04,Credit Cards,https://x-ad-assets.s3.amazonaws.com/media_asset/729f843b99ac9ebe/media,216.9516
2024-04,Credit Reports & Reporting Services,https://s3.amazonaws.com/YM_Ads/xIWI3lXIGvAr8ePRWHa0gw.png,552.3413
2024-04,Credit Reports & Reporting Services,https://s3.amazonaws.com/YM_Ads/MwAKWwbMXy2-z7abpc52Lg.png,54.6706
2024-04,Credit Reports & Reporting Services,https://s3.amazonaws.com/YM_Ads/uDCngyUOdzO1zigktxmLxw.png,34.7686
2024-04,Finance Careers,https://s3.amazonaws.com/YM_Ads/cmZ4ZI_gUyJXaHIJNqyRzQ.mp4,22528.5452
2024-04,Finance Careers,https://s3.amazonaws.com/YM_Ads/kejJB1JzIU3aWpml-h7lZQ.mp4,9519.643900000001
2024-04,Finance Careers,https://s3.amazonaws.com/YM_Ads/rusnyBWIxY5DjNl085AJzg.mp4,7102.8544
2024-04,Financial Services,https://s3.amazonaws.com/YM_Ads/1996850903291247482.png,210113.4278
2024-04,Financial Services,https://x-ad-assets.s3.amazonaws.com/media_asset/cba235434a479f7d/media,200935.228
2024-04,Financial Services,https://x-ad-assets.s3.amazonaws.com/media_asset/f0ef4109b81de206/media,121230.9287
2024-04,Savings Accounts,https://s3.amazonaws.com/YM_Ads/-6059698801507964296.png,299009.2038
2024-04,Savings Accounts,https://s3.amazonaws.com/YM_Ads/645233030685019561.png,224641.6158
2024-04,Savings Accounts,https://s3.amazonaws.com/YM_Ads/3492847191385455598.png,160838.0613
2024-05,All Categories,https://x-ad-assets.s3.amazonaws.com/media_asset/f4b92465c50feaac/media,48667.8953
2024-05,Business Banking,https://s3.amazonaws.com/YM_Ads/3-BytOcPwuzEn6MQyaYShw.png,52.8892
2024-05,Business Credit Cards,https://x-ad-assets.s3.amazonaws.com/media_asset/22388a0f8154ab1c/media,795294.3609
2024-05,Business Credit Cards,https://x-ad-assets.s3.amazonaws.com/media_asset/46ce1a492a28ae2a/media,472302.3971
2024-05,Business Credit Cards,https://x-ad-assets.s3.amazonaws.com/media_asset/3e1a9b9a207d8315/media,281242.5651
2024-05,Business Finance & Business Solutions,https://s3.amazonaws.com/YM_Ads/YjrYpg0YS-wn1GovCHUcwg.png,562.338
2024-05,Business Finance & Business Solutions,https://s3.amazonaws.com/YM_Ads/g3VJB0hRmHqd49UOV2D1bw.png,155.2556
2024-05,Car Buying Services,https://s3.amazonaws.com/YM_Ads/1aGGjodIReSiYx2VQEDFVA.png,151365.1849
2024-05,Car Buying Services,https://s3.amazonaws.com/YM_Ads/Jmvcxyv5snbJrHiRw4JlUA.png,149065.8533
2024-05,Car Buying Services,https://s3.amazonaws.com/YM_Ads/7TO2F1cU5z_jBlxTpkNPWw.png,142235.22090000001
2024-05,Cardholder Benefits,https://s3.amazonaws.com/YM_Ads/-4082237279947609541.png,52045.1477
2024-05,Cardholder Benefits,https://s3.amazonaws.com/YM_Ads/6804384737847106484.png,40478.871
2024-05,Cardholder Benefits,https://s3.amazonaws.com/YM_Ads/-6105673657324680194.png,23059.105499999998
2024-05,Certificate of Deposit Accounts,https://s3.amazonaws.com/YM_Ads/-6116376933397611734.png,274488.2779
2024-05,Certificate of Deposit Accounts,https://s3.amazonaws.com/YM_Ads/-1546008475454073983.png,70774.2691
2024-05,Certificate of Deposit Accounts,https://s3.amazonaws.com/YM_Ads/5001516065907739860.png,54057.551799999994
2024-05,Checking Accounts,https://s3.amazonaws.com/YM_Ads/-4517428492616297246.png,202637.2541
2024-05,Checking Accounts,https://x-ad-assets.s3.amazonaws.com/media_asset/0575b1698f987168/media,194933.1142
2024-05,Checking Accounts,https://x-ad-assets.s3.amazonaws.com/media_asset/58e2eae9afda6fcd/media,142239.083
2024-05,Consumer Banking,https://x-ad-assets.s3.amazonaws.com/media_asset/7af911665027a685/media,1393626.5878
2024-05,Consumer Banking,https://x-ad-assets.s3.amazonaws.com/media_asset/e539913b0b10f77f/media,1343948.2925
2024-05,Consumer Banking,https://x-ad-assets.s3.amazonaws.com/media_asset/d908eff5151575e4/media,1004420.5204
2024-05,Consumer Credit Cards,https://x-ad-assets.s3.amazonaws.com/media_asset/bfb550c8758c8c1b/media,1045503.6730000001
2024-05,Consumer Credit Cards,https://x-ad-assets.s3.amazonaws.com/media_asset/c4265825662a3b27/media,924720.7881
2024-05,Consumer Credit Cards,https://x-ad-assets.s3.amazonaws.com/media_asset/cbfb717450bc226f/media,799474.875
2024-05,"Corporate, Institutional, and Wholesale Banking",https://x-ad-assets.s3.amazonaws.com/media_asset/f233b289a5da98f4/media,44064.3929
2024-05,"Corporate, Institutional, and Wholesale Banking",https://s3.amazonaws.com/YM_Ads/MlNtF9HHSoWHy0993731Sg.mp4,36420.7992
2024-05,"Corporate, Institutional, and Wholesale Banking",https://s3.amazonaws.com/YM_Ads/-tB-PP1LQkW21-OFGsxp6A.mp4,16237.4454
2024-05,Coupons & Rebates,https://s3.amazonaws.com/YM_Ads/ZX2dDxIiLYjKQe7h_p6L5A.png,410702.0534
2024-05,Coupons & Rebates,https://s3.amazonaws.com/YM_Ads/FX6ILPQdFiUsuvm6qUq0Zw.png,115597.8939
2024-05,Coupons & Rebates,https://s3.amazonaws.com/YM_Ads/m2bUwzWCBxCZeKqmW3Ltqg.png,107091.3926
2024-05,Credit Cards,https://s3.amazonaws.com/YM_Ads/QkzjLZBNPNvPCPX-YV4Sug.png,37.4107
2024-05,Credit Cards,https://s3.amazonaws.com/YM_Ads/971esPZO8OuPN96GNDGSoA.png,15.806
2024-05,Credit Cards,https://s3.amazonaws.com/YM_Ads/WDQV_uDYDCRr_A2fjEgP3w.png,12.4959
2024-05,Credit Reports & Reporting Services,https://s3.amazonaws.com/YM_Ads/xIWI3lXIGvAr8ePRWHa0gw.png,1284.8428000000001
2024-05,Credit Reports & Reporting Services,https://s3.amazonaws.com/YM_Ads/mpT5arG0FagPwE1d1G5lJQ.png,605.2907
2024-05,Credit Reports & Reporting Services,https://s3.amazonaws.com/YM_Ads/o6Cum0kKSUb3OV3tJJaqvQ.png,535.4264
2024-05,Finance Careers,https://s3.amazonaws.com/YM_Ads/cmZ4ZI_gUyJXaHIJNqyRzQ.mp4,22927.9336
2024-05,Finance Careers,https://x-ad-assets.s3.amazonaws.com/media_asset/b3b58ee6e1446a71/media,18185.7851
2024-05,Finance Careers,https://s3.amazonaws.com/YM_Ads/IYMoOzS87e1uQSUyMNVbFA.mp4,10596.2972
2024-05,Financial Services,https://s3.amazonaws.com/YM_Ads/1741505979081916080.png,87604.9856
2024-05,Financial Services,https://x-ad-assets.s3.amazonaws.com/media_asset/b887855fc3286fcf/media,69323.8927
2024-05,Financial Services,https://x-ad-assets.s3.amazonaws.com/media_asset/cf4ffef33bfbd18b/media,54889.0862
2024-05,Savings Accounts,https://s3.amazonaws.com/YM_Ads/5509077119537351036.png,265456.9456
2024-05,Savings Accounts,https://s3.amazonaws.com/YM_Ads/-9147211259769290841.png,247808.826
2024-05,Savings Accounts,https://s3.amazonaws.com/YM_Ads/-6383768124273403601.png,184555.8382
2024-06,All Categories,https://x-ad-assets.s3.amazonaws.com/media_asset/f4b92465c50feaac/media,71238.8005
2024-06,Business Credit Cards,https://x-ad-assets.s3.amazonaws.com/media_asset/22388a0f8154ab1c/media,648099.5253
2024-06,Business Credit Cards,https://x-ad-assets.s3.amazonaws.com/media_asset/46ce1a492a28ae2a/media,444458.7501
2024-06,Business Credit Cards,https://x-ad-assets.s3.amazonaws.com/media_asset/6f1344666cd4c47e/media,334972.9076
2024-06,Business Finance & Business Solutions,https://s3.amazonaws.com/YM_Ads/-GjqgrsLwTowigFb01KY6A.mp4,847.5018
2024-06,Business Finance & Business Solutions,https://s3.amazonaws.com/YM_Ads/YjrYpg0YS-wn1GovCHUcwg.png,165.6494
2024-06,Business Finance & Business Solutions,https://s3.amazonaws.com/YM_Ads/IS8aNpRA2tU3J2ALVPKJ1A.png,163.1394
2024-06,Car Buying Services,https://s3.amazonaws.com/YM_Ads/7TO2F1cU5z_jBlxTpkNPWw.png,86086.7173
2024-06,Car Buying Services,https://s3.amazonaws.com/YM_Ads/Jmvcxyv5snbJrHiRw4JlUA.png,81515.8008
2024-06,Car Buying Services,https://s3.amazonaws.com/YM_Ads/1aGGjodIReSiYx2VQEDFVA.png,77565.9148
2024-06,Cardholder Benefits,https://s3.amazonaws.com/YM_Ads/-6105673657324680194.png,10830.4759
2024-06,Cardholder Benefits,https://s3.amazonaws.com/YM_Ads/8517686908655259433.png,8970.6844
2024-06,Cardholder Benefits,https://s3.amazonaws.com/YM_Ads/1770405158471756804.png,8820.3707
2024-06,Certificate of Deposit Accounts,https://s3.amazonaws.com/YM_Ads/-1546008475454073983.png,85993.062
2024-06,Certificate of Deposit Accounts,https://s3.amazonaws.com/YM_Ads/-9118780405985589052.png,58916.4602
2024-06,Certificate of Deposit Accounts,https://s3.amazonaws.com/YM_Ads/-5378141962883104339.png,57931.2914
2024-06,Checking Accounts,https://x-ad-assets.s3.amazonaws.com/media_asset/0575b1698f987168/media,335762.71379999997
2024-06,Checking Accounts,https://s3.amazonaws.com/YM_Ads/-3013142733376179420.png,159090.8739
2024-06,Checking Accounts,https://s3.amazonaws.com/YM_Ads/-4517428492616297246.png,114760.1621
2024-06,Consumer Banking,https://x-ad-assets.s3.amazonaws.com/media_asset/e539913b0b10f77f/media,1665978.7497
2024-06,Consumer Banking,https://x-ad-assets.s3.amazonaws.com/media_asset/7af911665027a685/media,1665557.9893
2024-06,Consumer Banking,https://x-ad-assets.s3.amazonaws.com/media_asset/d908eff5151575e4/media,1103880.0971000001
2024-06,Consumer Credit Cards,https://x-ad-assets.s3.amazonaws.com/media_asset/bfb550c8758c8c1b/media,1071870.6148
2024-06,Consumer Credit Cards,https://x-ad-assets.s3.amazonaws.com/media_asset/c4265825662a3b27/media,826385.8536
2024-06,Consumer Credit Cards,https://x-ad-assets.s3.amazonaws.com/media_asset/cbfb717450bc226f/media,814548.105
2024-06,"Corporate, Institutional, and Wholesale Banking",https://s3.amazonaws.com/YM_Ads/bZYDCfCNDGOcsy2Nx7LF5Q.mp4,54149.407400000004
2024-06,"Corporate, Institutional, and Wholesale Banking",https://x-ad-assets.s3.amazonaws.com/media_asset/f233b289a5da98f4/media,33293.4199
2024-06,"Corporate, Institutional, and Wholesale Banking",https://s3.amazonaws.com/YM_Ads/jL7_gmORk2Ual0j_YZoBDA.webm,20797.256699999998
2024-06,Coupons & Rebates,https://s3.amazonaws.com/YM_Ads/ZX2dDxIiLYjKQe7h_p6L5A.png,311606.1375
2024-06,Coupons & Rebates,https://s3.amazonaws.com/YM_Ads/su_b-Ohr6vk1Fb0Rpi2s1g.png,76774.4129
2024-06,Coupons & Rebates,https://s3.amazonaws.com/YM_Ads/FX6ILPQdFiUsuvm6qUq0Zw.png,74335.3161
2024-06,Credit Cards,https://s3.amazonaws.com/YM_Ads/2189284682074720470.png,16315.2898
2024-06,Credit Cards,https://s3.amazonaws.com/YM_Ads/8670013221356265806.png,3043.3662
2024-06,Credit Cards,https://s3.amazonaws.com/YM_Ads/1081595139430841121.png,548.9409
2024-06,Credit Reports & Reporting Services,https://s3.amazonaws.com/YM_Ads/4926920562132643125.png,42983.0853
2024-06,Credit Reports & Reporting Services,https://s3.amazonaws.com/YM_Ads/4626649715272744012.png,37024.0184
2024-06,Credit Reports & Reporting Services,https://s3.amazonaws.com/YM_Ads/4395743060861814552.png,31094.0001
2024-06,Finance Careers,https://x-ad-assets.s3.amazonaws.com/media_asset/271b0288492f0936/media,16865.7835
2024-06,Finance Careers,https://x-ad-assets.s3.amazonaws.com/media_asset/b3b58ee6e1446a71/media,13940.3911
2024-06,Finance Careers,https://x-ad-assets.s3.amazonaws.com/media_asset/d400f9764fd106ea/media,13538.6456
2024-06,Financial Services,https://s3.amazonaws.com/YM_Ads/1741505979081916080.png,84329.9748
2024-06,Financial Services,https://s3.amazonaws.com/YM_Ads/-7154987572903099148.png,70897.2328
2024-06,Financial Services,https://x-ad-assets.s3.amazonaws.com/media_asset/cf4ffef33bfbd18b/media,61111.2771
2024-06,Savings Accounts,https://s3.amazonaws.com/YM_Ads/-9147211259769290841.png,584842.3194
2024-06,Savings Accounts,https://s3.amazonaws.com/YM_Ads/5668199909030255861.png,315299.1604
2024-06,Savings Accounts,https://s3.amazonaws.com/YM_Ads/5509077119537351036.png,53861.0201
2024-07,All Categories,https://x-ad-assets.s3.amazonaws.com/media_asset/f4b92465c50feaac/media,102409.1511
2024-07,All Categories,https://s3.amazonaws.com/YM_Ads/3pcmtAds2k-K39WCqtAQsw.png,320.3169
2024-07,Business Banking,https://s3.amazonaws.com/YM_Ads/fYTLHJaWfn2EeBuUqyaNBA.png,21934.3754
2024-07,Business Banking,https://s3.amazonaws.com/YM_Ads/IJLKbWtrjnBEAlntMP3lfw.png,16607.1109
2024-07,Business Banking,https://s3.amazonaws.com/YM_Ads/oIvg4HAD_qF66G-9bLp3Fg.png,3616.5319
2024-07,Business Checking Accounts,https://s3.amazonaws.com/YM_Ads/3U8vE9_0H40ioznQpqf3Kw.png,18442.4601
2024-07,Business Checking Accounts,https://s3.amazonaws.com/YM_Ads/OzVhBa9GdBMy198S5d9zCQ.png,12922.0097
2024-07,Business Checking Accounts,https://s3.amazonaws.com/YM_Ads/_VdI34obhe2SE8BxhfLMHA.png,7837.6288
2024-07,Business Credit Cards,https://x-ad-assets.s3.amazonaws.com/media_asset/a1156bd68bc51f06/media,640379.5488
2024-07,Business Credit Cards,https://x-ad-assets.s3.amazonaws.com/media_asset/22388a0f8154ab1c/media,293565.2191
2024-07,Business Credit Cards,https://x-ad-assets.s3.amazonaws.com/media_asset/6051c83b9d18794a/media,226227.8575
2024-07,Business Finance & Business Solutions,https://s3.amazonaws.com/YM_Ads/-GjqgrsLwTowigFb01KY6A.mp4,420.1729
2024-07,Business Finance & Business Solutions,https://s3.amazonaws.com/YM_Ads/aNCXE_NOBYm1fLPbWLttxg.png,259.6183
2024-07,Business Savings Accounts,https://s3.amazonaws.com/YM_Ads/8kzbhybUIrq8qae8PfRQWw.png,13267.1149
2024-07,Business Savings Accounts,https://s3.amazonaws.com/YM_Ads/GWg7Jx-WauB9LN9gjB6ngg.png,12004.2282
2024-07,Business Savings Accounts,https://s3.amazonaws.com/YM_Ads/zUf1YI-mybtXxokvEsQ4Hg.png,9763.6346
2024-07,Car Buying Services,https://s3.amazonaws.com/YM_Ads/7TO2F1cU5z_jBlxTpkNPWw.png,72131.9333
2024-07,Car Buying Services,https://s3.amazonaws.com/YM_Ads/Jmvcxyv5snbJrHiRw4JlUA.png,48205.523199999996
2024-07,Car Buying Services,https://s3.amazonaws.com/YM_Ads/1aGGjodIReSiYx2VQEDFVA.png,48140.8876
2024-07,Cardholder Benefits,https://s3.amazonaws.com/YM_Ads/-6105673657324680194.png,9284.9267
2024-07,Cardholder Benefits,https://s3.amazonaws.com/YM_Ads/1770405158471756804.png,7311.5662
2024-07,Cardholder Benefits,https://s3.amazonaws.com/YM_Ads/-7718067767485721391.png,7217.462500000001
2024-07,Certificate of Deposit Accounts,https://s3.amazonaws.com/YM_Ads/3756304625482037198.png,204593.7249
2024-07,Certificate of Deposit Accounts,https://s3.amazonaws.com/YM_Ads/5768309717890557925.png,156690.9192
2024-07,Certificate of Deposit Accounts,https://s3.amazonaws.com/YM_Ads/7796266784500608025.png,77423.1946
2024-07,Checking Accounts,https://x-ad-assets.s3.amazonaws.com/media_asset/1a53867317c95c7f/media,215150.5174
2024-07,Checking Accounts,https://s3.amazonaws.com/YM_Ads/-4517428492616297246.png,92483.2559
2024-07,Checking Accounts,https://x-ad-assets.s3.amazonaws.com/media_asset/ce7d309de19bc126/media,91879.03689999999
2024-07,Consumer Banking,https://x-ad-assets.s3.amazonaws.com/media_asset/e539913b0b10f77f/media,1815412.4669
2024-07,Consumer Banking,https://x-ad-assets.s3.amazonaws.com/media_asset/7af911665027a685/media,1618605.0955
2024-07,Consumer Banking,https://x-ad-assets.s3.amazonaws.com/media_asset/916daa3825717d1a/media,337825.2806
2024-07,Consumer Credit Cards,https://x-ad-assets.s3.amazonaws.com/media_asset/bfb550c8758c8c1b/media,971238.9089
2024-07,Consumer Credit Cards,https://x-ad-assets.s3.amazonaws.com/media_asset/664eb6726159d0c8/media,726839.7615
2024-07,Consumer Credit Cards,https://x-ad-assets.s3.amazonaws.com/media_asset/cbfb717450bc226f/media,711927.4893
2024-07,"Corporate, Institutional, and Wholesale Banking",https://s3.amazonaws.com/YM_Ads/bZYDCfCNDGOcsy2Nx7LF5Q.mp4,46696.8403
2024-07,"Corporate, Institutional, and Wholesale Banking",https://s3.amazonaws.com/YM_Ads/jL7_gmORk2Ual0j_YZoBDA.webm,36641.5418
2024-07,"Corporate, Institutional, and Wholesale Banking",https://x-ad-assets.s3.amazonaws.com/media_asset/f233b289a5da98f4/media,29404.5818
2024-07,Coupons & Rebates,https://s3.amazonaws.com/YM_Ads/ZX2dDxIiLYjKQe7h_p6L5A.png,346309.52760000003
2024-07,Coupons & Rebates,https://s3.amazonaws.com/YM_Ads/ONd7dOtajpOAFvPwrSHpPg.png,85720.2002
2024-07,Coupons & Rebates,https://s3.amazonaws.com/YM_Ads/FX6ILPQdFiUsuvm6qUq0Zw.png,79109.5808
2024-07,Credit Cards,https://s3.amazonaws.com/YM_Ads/2189284682074720470.png,54250.681899999996
2024-07,Credit Cards,https://x-ad-assets.s3.amazonaws.com/media_asset/136a51287de281da/media,985.8162
2024-07,Credit Cards,https://s3.amazonaws.com/YM_Ads/-5328450710150635353.png,541.8284
2024-07,Credit Reports & Reporting Services,https://s3.amazonaws.com/YM_Ads/7587966287898122190.png,14954.692500000001
2024-07,Credit Reports & Reporting Services,https://s3.amazonaws.com/YM_Ads/4395743060861814552.png,5809.3855
2024-07,Credit Reports & Reporting Services,https://x-ad-assets.s3.amazonaws.com/media_asset/bf51c127c177821d/media,2695.8582
2024-07,Finance Careers,https://x-ad-assets.s3.amazonaws.com/media_asset/b3b58ee6e1446a71/media,105333.8473
2024-07,Finance Careers,https://x-ad-assets.s3.amazonaws.com/media_asset/271b0288492f0936/media,77843.48
2024-07,Finance Careers,https://x-ad-assets.s3.amazonaws.com/media_asset/9505f4cb25689192/media,63538.1621
2024-07,Financial Services,https://s3.amazonaws.com/YM_Ads/-7154987572903099148.png,147903.0465
2024-07,Financial Services,https://s3.amazonaws.com/YM_Ads/6377332822816964517.png,41806.4528
2024-07,Financial Services,https://x-ad-assets.s3.amazonaws.com/media_asset/cf4ffef33bfbd18b/media,41113.2112
2024-07,Savings Accounts,https://s3.amazonaws.com/YM_Ads/5668199909030255861.png,441302.3925
2024-07,Savings Accounts,https://s3.amazonaws.com/YM_Ads/-9147211259769290841.png,440849.4596
2024-07,Savings Accounts,https://s3.amazonaws.com/YM_Ads/-5155846353666472399.png,218866.4256
2024-08,All Categories,https://x-ad-assets.s3.amazonaws.com/media_asset/f4b92465c50feaac/media,69584.9978
2024-08,Business Banking,https://s3.amazonaws.com/YM_Ads/IJLKbWtrjnBEAlntMP3lfw.png,60829.9152
2024-08,Business Banking,https://s3.amazonaws.com/YM_Ads/fYTLHJaWfn2EeBuUqyaNBA.png,57414.7136
2024-08,Business Banking,https://s3.amazonaws.com/YM_Ads/ildY938EFLAZm0584lw1ig.png,33411.0671
2024-08,Business Checking Accounts,https://s3.amazonaws.com/YM_Ads/3U8vE9_0H40ioznQpqf3Kw.png,50112.611
2024-08,Business Checking Accounts,https://s3.amazonaws.com/YM_Ads/_VdI34obhe2SE8BxhfLMHA.png,34729.3642
2024-08,Business Checking Accounts,https://s3.amazonaws.com/YM_Ads/9gPT7RBoB-sMFyevkwGp9w.png,25725.2349
2024-08,Business Credit Cards,https://x-ad-assets.s3.amazonaws.com/media_asset/a1156bd68bc51f06/media,594905.5634
2024-08,Business Credit Cards,https://x-ad-assets.s3.amazonaws.com/media_asset/706d1ac423bb79a9/media,469280.6279
2024-08,Business Credit Cards,https://x-ad-assets.s3.amazonaws.com/media_asset/22388a0f8154ab1c/media,451157.3433
2024-08,Business Finance & Business Solutions,https://s3.amazonaws.com/YM_Ads/-3S6X9HtHWC8JjjkPYg3Kg.png,942.8431
2024-08,Business Savings Accounts,https://s3.amazonaws.com/YM_Ads/zUf1YI-mybtXxokvEsQ4Hg.png,62456.0416
2024-08,Business Savings Accounts,https://s3.amazonaws.com/YM_Ads/8kzbhybUIrq8qae8PfRQWw.png,50595.1519
2024-08,Business Savings Accounts,https://s3.amazonaws.com/YM_Ads/GWg7Jx-WauB9LN9gjB6ngg.png,35129.936200000004
2024-08,Car Buying Services,https://s3.amazonaws.com/YM_Ads/1aGGjodIReSiYx2VQEDFVA.png,65675.6633
2024-08,Car Buying Services,https://s3.amazonaws.com/YM_Ads/Jmvcxyv5snbJrHiRw4JlUA.png,50269.7057
2024-08,Car Buying Services,https://s3.amazonaws.com/YM_Ads/7TO2F1cU5z_jBlxTpkNPWw.png,47554.9019
2024-08,Cardholder Benefits,https://s3.amazonaws.com/YM_Ads/-7718067767485721391.png,7712.4372
2024-08,Cardholder Benefits,https://s3.amazonaws.com/YM_Ads/3003015262904477278.png,4997.4192
2024-08,Cardholder Benefits,https://s3.amazonaws.com/YM_Ads/-3773592960827380259.png,4967.3346
2024-08,Certificate of Deposit Accounts,https://s3.amazonaws.com/YM_Ads/5768309717890557925.png,195647.7578
2024-08,Certificate of Deposit Accounts,https://s3.amazonaws.com/YM_Ads/-6379784169167074708.png,55636.2798
2024-08,Certificate of Deposit Accounts,https://s3.amazonaws.com/YM_Ads/3756304625482037198.png,43447.913100000005
2024-08,Checking Accounts,https://x-ad-assets.s3.amazonaws.com/media_asset/5cfecb5bbb44d56d/media,3517087.58
2024-08,Checking Accounts,https://x-ad-assets.s3.amazonaws.com/media_asset/0575b1698f987168/media,203797.7787
2024-08,Checking Accounts,https://s3.amazonaws.com/YM_Ads/3240547725944893142.png,147952.3952
2024-08,Consumer Banking,https://x-ad-assets.s3.amazonaws.com/media_asset/cb54fa8c1b41f59b/media,377890.8187
2024-08,Consumer Banking,https://s3.amazonaws.com/YM_Ads/7rwJpLNpgfUBh5Kf5KLkhg.mp4,133954.4346
2024-08,Consumer Banking,https://s3.amazonaws.com/YM_Ads/8535314480578865806.png,118406.7444
2024-08,Consumer Credit Cards,https://x-ad-assets.s3.amazonaws.com/media_asset/440c3b96b82044b0/media,932594.2477
2024-08,Consumer Credit Cards,https://x-ad-assets.s3.amazonaws.com/media_asset/bfb550c8758c8c1b/media,809967.6576
2024-08,Consumer Credit Cards,https://x-ad-assets.s3.amazonaws.com/media_asset/cbfb717450bc226f/media,809748.5304
2024-08,"Corporate, Institutional, and Wholesale Banking",https://s3.amazonaws.com/YM_Ads/7919245615486085121.png,59788.7066
2024-08,"Corporate, Institutional, and Wholesale Banking",https://x-ad-assets.s3.amazonaws.com/media_asset/f233b289a5da98f4/media,35490.2317
2024-08,"Corporate, Institutional, and Wholesale Banking",https://s3.amazonaws.com/YM_Ads/bZYDCfCNDGOcsy2Nx7LF5Q.mp4,32409.576
2024-08,Coupons & Rebates,https://s3.amazonaws.com/YM_Ads/ZX2dDxIiLYjKQe7h_p6L5A.png,204942.9044
2024-08,Coupons & Rebates,https://s3.amazonaws.com/YM_Ads/ta4Oj9x0P6ZMOWdC-4t_MQ.png,57300.1176
2024-08,Coupons & Rebates,https://s3.amazonaws.com/YM_Ads/su_b-Ohr6vk1Fb0Rpi2s1g.png,46627.4219
2024-08,Credit Cards,https://s3.amazonaws.com/YM_Ads/9061301210183800756.png,21628.5631
2024-08,Credit Cards,https://x-ad-assets.s3.amazonaws.com/media_asset/cecd048cc703b820/media,1451.5822
2024-08,Credit Cards,https://x-ad-assets.s3.amazonaws.com/media_asset/5fccb0260ac367e9/media,1087.3632
2024-08,Credit Reports & Reporting Services,https://s3.amazonaws.com/YM_Ads/7874036022151363919.png,8830.917300000001
2024-08,Credit Reports & Reporting Services,https://s3.amazonaws.com/YM_Ads/7587966287898122190.png,8464.1531
2024-08,Credit Reports & Reporting Services,https://s3.amazonaws.com/YM_Ads/51974795035720574.png,6612.2063
2024-08,Finance Careers,https://x-ad-assets.s3.amazonaws.com/media_asset/0e2b1491eaa6d178/media,72714.8752
2024-08,Finance Careers,https://x-ad-assets.s3.amazonaws.com/media_asset/682c18a657896c18/media,43804.92
2024-08,Finance Careers,https://x-ad-assets.s3.amazonaws.com/media_asset/b3b58ee6e1446a71/media,25158.6669
2024-08,Financial Services,https://s3.amazonaws.com/YM_Ads/-7154987572903099148.png,112392.6559
2024-08,Financial Services,https://s3.amazonaws.com/YM_Ads/5281716720818245751.png,92565.578
2024-08,Financial Services,https://s3.amazonaws.com/YM_Ads/1741505979081916080.png,88365.7073
2024-08,Savings Accounts,https://s3.amazonaws.com/YM_Ads/-5155846353666472399.png,465898.2568
2024-08,Savings Accounts,https://s3.amazonaws.com/YM_Ads/5668199909030255861.png,344000.6245
2024-08,Savings Accounts,https://s3.amazonaws.com/YM_Ads/2926741121376111280.png,71274.2892
2024-09,All Categories,https://x-ad-assets.s3.amazonaws.com/media_asset/f4b92465c50feaac/media,26348.4595
2024-09,Business Banking,https://s3.amazonaws.com/YM_Ads/IJLKbWtrjnBEAlntMP3lfw.png,44757.1466
2024-09,Business Banking,https://s3.amazonaws.com/YM_Ads/C4rYMEuUP6YQs5S8jdzhVQ.png,17160.1907
2024-09,Business Banking,https://s3.amazonaws.com/YM_Ads/oIvg4HAD_qF66G-9bLp3Fg.png,12122.2341
2024-09,Business Checking Accounts,https://s3.amazonaws.com/YM_Ads/_VdI34obhe2SE8BxhfLMHA.png,51064.6243
2024-09,Business Checking Accounts,https://s3.amazonaws.com/YM_Ads/3U8vE9_0H40ioznQpqf3Kw.png,40935.7713
2024-09,Business Checking Accounts,https://s3.amazonaws.com/YM_Ads/9gPT7RBoB-sMFyevkwGp9w.png,18169.1882
2024-09,Business Credit Cards,https://x-ad-assets.s3.amazonaws.com/media_asset/a1156bd68bc51f06/media,620485.1619
2024-09,Business Credit Cards,https://x-ad-assets.s3.amazonaws.com/media_asset/22388a0f8154ab1c/media,478308.1935
2024-09,Business Credit Cards,https://x-ad-assets.s3.amazonaws.com/media_asset/706d1ac423bb79a9/media,447271.4189
2024-09,Business Finance & Business Solutions,https://s3.amazonaws.com/YM_Ads/-3S6X9HtHWC8JjjkPYg3Kg.png,1974.7015
2024-09,Business Finance & Business Solutions,https://s3.amazonaws.com/YM_Ads/-GjqgrsLwTowigFb01KY6A.mp4,372.439
2024-09,Business Savings Accounts,https://s3.amazonaws.com/YM_Ads/zUf1YI-mybtXxokvEsQ4Hg.png,53512.2569
2024-09,Business Savings Accounts,https://s3.amazonaws.com/YM_Ads/7QJaYosuEkmEDN8e7ADAxA.png,17973.1863
2024-09,Business Savings Accounts,https://s3.amazonaws.com/YM_Ads/2C-_IMzjFUpcfzrZcgmdDA.png,10547.5148
2024-09,Car Buying Services,https://s3.amazonaws.com/YM_Ads/7TO2F1cU5z_jBlxTpkNPWw.png,45817.5348
2024-09,Car Buying Services,https://s3.amazonaws.com/YM_Ads/1aGGjodIReSiYx2VQEDFVA.png,43755.053
2024-09,Car Buying Services,https://s3.amazonaws.com/YM_Ads/Jmvcxyv5snbJrHiRw4JlUA.png,41751.7518
2024-09,Cardholder Benefits,https://s3.amazonaws.com/YM_Ads/7859437089996203037.png,32599.9098
2024-09,Cardholder Benefits,https://s3.amazonaws.com/YM_Ads/1970214825631649523.png,25000.2648
2024-09,Cardholder Benefits,https://s3.amazonaws.com/YM_Ads/-659167899280504988.png,7997.9012
2024-09,Certificate of Deposit Accounts,https://s3.amazonaws.com/YM_Ads/-8216113736852200858.png,90987.1602
2024-09,Certificate of Deposit Accounts,https://s3.amazonaws.com/YM_Ads/5862201378219076315.png,53504.6514
2024-09,Certificate of Deposit Accounts,https://s3.amazonaws.com/YM_Ads/2158790143525246072.png,42700.1049
2024-09,Checking Accounts,https://x-ad-assets.s3.amazonaws.com/media_asset/5cfecb5bbb44d56d/media,2599953.3388
2024-09,Checking Accounts,https://x-ad-assets.s3.amazonaws.com/media_asset/619f8468a80e4f35/media,767370.1772
2024-09,Checking Accounts,https://s3.amazonaws.com/YM_Ads/2727895697295517437.png,657824.101
2024-09,Consumer Banking,https://s3.amazonaws.com/YM_Ads/-7707496996365445141.png,187811.48249999998
2024-09,Consumer Banking,https://s3.amazonaws.com/YM_Ads/-8642932949364828267.png,130794.818
2024-09,Consumer Banking,https://s3.amazonaws.com/YM_Ads/P33fRqBRbnlnn3yL9jMZLA.mp4,109327.3662
2024-09,Consumer Credit Cards,https://x-ad-assets.s3.amazonaws.com/media_asset/bfb550c8758c8c1b/media,1077766.6019
2024-09,Consumer Credit Cards,https://x-ad-assets.s3.amazonaws.com/media_asset/cbfb717450bc226f/media,1012703.2463
2024-09,Consumer Credit Cards,https://x-ad-assets.s3.amazonaws.com/media_asset/664eb6726159d0c8/media,592486.4042
2024-09,"Corporate, Institutional, and Wholesale Banking",https://x-ad-assets.s3.amazonaws.com/media_asset/f233b289a5da98f4/media,47947.7298
2024-09,"Corporate, Institutional, and Wholesale Banking",https://s3.amazonaws.com/YM_Ads/7919245615486085121.png,38849.8677
2024-09,"Corporate, Institutional, and Wholesale Banking",https://s3.amazonaws.com/YM_Ads/bZYDCfCNDGOcsy2Nx7LF5Q.mp4,34013.4223
2024-09,Coupons & Rebates,https://s3.amazonaws.com/YM_Ads/UI5BnN6laEyRRUBz2uGNKA.png,71677.5081
2024-09,Coupons & Rebates,https://s3.amazonaws.com/YM_Ads/-1fcGiWlhK9xtexURsW7Yg.png,69068.9966
2024-09,Coupons & Rebates,https://s3.amazonaws.com/YM_Ads/ZX2dDxIiLYjKQe7h_p6L5A.png,59744.8107
2024-09,Credit Cards,https://x-ad-assets.s3.amazonaws.com/media_asset/cecd048cc703b820/media,22315.2658
2024-09,Credit Cards,https://x-ad-assets.s3.amazonaws.com/media_asset/ef48c83a6c1909b5/media,7728.4096
2024-09,Credit Cards,https://x-ad-assets.s3.amazonaws.com/media_asset/6b8ac555db93b80e/media,310.4053
2024-09,Credit Reports & Reporting Services,https://s3.amazonaws.com/YM_Ads/o6Cum0kKSUb3OV3tJJaqvQ.png,1084.6268
2024-09,Credit Reports & Reporting Services,https://x-ad-assets.s3.amazonaws.com/media_asset/e78857fedef1eec5/media,421.3455
2024-09,Credit Reports & Reporting Services,https://x-ad-assets.s3.amazonaws.com/media_asset/bf51c127c177821d/media,179.85559999999998
2024-09,Finance Careers,https://x-ad-assets.s3.amazonaws.com/media_asset/0e2b1491eaa6d178/media,102945.3537
2024-09,Finance Careers,https://x-ad-assets.s3.amazonaws.com/media_asset/682c18a657896c18/media,60344.9197
2024-09,Finance Careers,https://x-ad-assets.s3.amazonaws.com/media_asset/3c212b83b1311e52/media,10261.5516
2024-09,Financial Services,https://s3.amazonaws.com/YM_Ads/1741505979081916080.png,114693.0399
2024-09,Financial Services,https://s3.amazonaws.com/YM_Ads/5281716720818245751.png,90271.069
2024-09,Financial Services,https://x-ad-assets.s3.amazonaws.com/media_asset/cf4ffef33bfbd18b/media,74697.9857
2024-09,Savings Accounts,https://s3.amazonaws.com/YM_Ads/2926741121376111280.png,331682.939
2024-09,Savings Accounts,https://s3.amazonaws.com/YM_Ads/5668199909030255861.png,190658.3847
2024-09,Savings Accounts,https://s3.amazonaws.com/YM_Ads/-6427751036930311407.png,22483.5274
2024-10,All Categories,https://x-ad-assets.s3.amazonaws.com/media_asset/4e7f0a40bbfe7038/media,8116.462
2024-10,Business Banking,https://s3.amazonaws.com/YM_Ads/oIvg4HAD_qF66G-9bLp3Fg.png,78454.7167
2024-10,Business Banking,https://s3.amazonaws.com/YM_Ads/IJLKbWtrjnBEAlntMP3lfw.png,72901.5523
2024-10,Business Banking,https://s3.amazonaws.com/YM_Ads/1pk-2IMUYpKRQTU_Tz5SaA.png,38842.7691
2024-10,Business Checking Accounts,https://s3.amazonaws.com/YM_Ads/_VdI34obhe2SE8BxhfLMHA.png,39298.836
2024-10,Business Checking Accounts,https://s3.amazonaws.com/YM_Ads/9gPT7RBoB-sMFyevkwGp9w.png,29018.0429
2024-10,Business Checking Accounts,https://s3.amazonaws.com/YM_Ads/3U8vE9_0H40ioznQpqf3Kw.png,21804.1252
2024-10,Business Credit Cards,https://x-ad-assets.s3.amazonaws.com/media_asset/46ce1a492a28ae2a/media,734793.2713
2024-10,Business Credit Cards,https://x-ad-assets.s3.amazonaws.com/media_asset/706d1ac423bb79a9/media,717039.917
2024-10,Business Credit Cards,https://x-ad-assets.s3.amazonaws.com/media_asset/a1156bd68bc51f06/media,546418.1893
2024-10,Business Finance & Business Solutions,https://s3.amazonaws.com/YM_Ads/-3S6X9HtHWC8JjjkPYg3Kg.png,2298.8046
2024-10,Business Finance & Business Solutions,https://s3.amazonaws.com/YM_Ads/PER5fM-m2bqBMhAX-b_slQ.mp4,596.9728
2024-10,Business Finance & Business Solutions,https://s3.amazonaws.com/YM_Ads/-GjqgrsLwTowigFb01KY6A.mp4,347.2047
2024-10,Business Savings Accounts,https://s3.amazonaws.com/YM_Ads/7QJaYosuEkmEDN8e7ADAxA.png,40464.968
2024-10,Business Savings Accounts,https://s3.amazonaws.com/YM_Ads/zUf1YI-mybtXxokvEsQ4Hg.png,26296.0656
2024-10,Business Savings Accounts,https://s3.amazonaws.com/YM_Ads/VATZrfR3Uuzk4T_UvWI7lg.png,6762.9321
2024-10,Car Buying Services,https://s3.amazonaws.com/YM_Ads/oPThfY2AtaNbKU88m-Ns6A.png,128310.25
2024-10,Car Buying Services,https://s3.amazonaws.com/YM_Ads/rmwUkzZ2fCsBoDLX6bTJKg.png,117355.5273
2024-10,Car Buying Services,https://s3.amazonaws.com/YM_Ads/A_apNdT6GQSujHmMb4y4_A.png,48038.6397
2024-10,Cardholder Benefits,https://s3.amazonaws.com/YM_Ads/-2254912833597072302.png,175819.9291
2024-10,Cardholder Benefits,https://s3.amazonaws.com/YM_Ads/2343962102055321901.png,94982.23270000001
2024-10,Cardholder Benefits,https://s3.amazonaws.com/YM_Ads/-3831681113429126388.png,67901.6215
2024-10,Certificate of Deposit Accounts,https://s3.amazonaws.com/YM_Ads/-8216113736852200858.png,154858.5499
2024-10,Certificate of Deposit Accounts,https://s3.amazonaws.com/YM_Ads/5862201378219076315.png,79537.3608
2024-10,Certificate of Deposit Accounts,https://s3.amazonaws.com/YM_Ads/-3789081946498505929.png,74337.0773
2024-10,Checking Accounts,https://s3.amazonaws.com/YM_Ads/2727895697295517437.png,699965.7918
2024-10,Checking Accounts,https://s3.amazonaws.com/YM_Ads/-6746662757719933556.png,570619.6278
2024-10,Checking Accounts,https://x-ad-assets.s3.amazonaws.com/media_asset/5cfecb5bbb44d56d/media,538441.6974
2024-10,Consumer Banking,https://x-ad-assets.s3.amazonaws.com/media_asset/08465d4193000497/media,970106.8839
2024-10,Consumer Banking,https://s3.amazonaws.com/YM_Ads/9NgrMABP-PJ6UKhE--bSkg.mp4,785270.1987
2024-10,Consumer Banking,https://x-ad-assets.s3.amazonaws.com/media_asset/e938d6fa265013ee/media,403707.1633
2024-10,Consumer Credit Cards,https://x-ad-assets.s3.amazonaws.com/media_asset/1e2c65c6417f12dd/media,518879.7007
2024-10,Consumer Credit Cards,https://x-ad-assets.s3.amazonaws.com/media_asset/bfb550c8758c8c1b/media,506479.8261
2024-10,Consumer Credit Cards,https://x-ad-assets.s3.amazonaws.com/media_asset/59225e228beef78f/media,497027.254
2024-10,"Corporate, Institutional, and Wholesale Banking",https://s3.amazonaws.com/YM_Ads/bZYDCfCNDGOcsy2Nx7LF5Q.mp4,50443.6909
2024-10,"Corporate, Institutional, and Wholesale Banking",https://x-ad-assets.s3.amazonaws.com/media_asset/f233b289a5da98f4/media,34704.7034
2024-10,"Corporate, Institutional, and Wholesale Banking",https://s3.amazonaws.com/YM_Ads/O2-H78JLfJhD26JiPBeMfw.webm,34056.857
2024-10,Coupons & Rebates,https://s3.amazonaws.com/YM_Ads/su_b-Ohr6vk1Fb0Rpi2s1g.png,104879.9191
2024-10,Coupons & Rebates,https://s3.amazonaws.com/YM_Ads/ta4Oj9x0P6ZMOWdC-4t_MQ.png,101730.4469
2024-10,Coupons & Rebates,https://s3.amazonaws.com/YM_Ads/tRFzuLEH34RJuNtREYTyJg.png,67330.6689
2024-10,Credit Cards,https://x-ad-assets.s3.amazonaws.com/media_asset/ef48c83a6c1909b5/media,36084.6084
2024-10,Credit Cards,https://x-ad-assets.s3.amazonaws.com/media_asset/83a00391bd96cc2b/media,21092.1843
2024-10,Credit Cards,https://x-ad-assets.s3.amazonaws.com/media_asset/395e0bbf6b60fb99/media,3443.0691
2024-10,Credit Reports & Reporting Services,https://x-ad-assets.s3.amazonaws.com/media_asset/6d11bee86ba901e3/media,23817.057099999998
2024-10,Credit Reports & Reporting Services,https://x-ad-assets.s3.amazonaws.com/media_asset/fa31284c49dfdcd3/media,17876.0247
2024-10,Credit Reports & Reporting Services,https://x-ad-assets.s3.amazonaws.com/media_asset/21dae193b53c0dee/media,10781.0872
2024-10,Finance Careers,https://x-ad-assets.s3.amazonaws.com/media_asset/0e2b1491eaa6d178/media,94629.3798
2024-10,Finance Careers,https://x-ad-assets.s3.amazonaws.com/media_asset/682c18a657896c18/media,73029.163
2024-10,Finance Careers,https://x-ad-assets.s3.amazonaws.com/media_asset/46bd7a919eb27c94/media,33469.7852
2024-10,Financial Services,https://s3.amazonaws.com/YM_Ads/4h07THjxkPSJLxf6RCJbxw.mp4,73597.6169
2024-10,Financial Services,https://x-ad-assets.s3.amazonaws.com/media_asset/cf4ffef33bfbd18b/media,68190.4035
2024-10,Financial Services,https://s3.amazonaws.com/YM_Ads/LEq74B4BzS3BbmhIjz9FDA.mp4,67520.599
2024-10,Savings Accounts,https://s3.amazonaws.com/YM_Ads/e0yuxvXQFWD-EmenmwcfFA.png,52253.4555
2024-10,Savings Accounts,https://s3.amazonaws.com/YM_Ads/-yGEcHLvCpJo9K47YB5RQg.png,45392.4852
2024-10,Savings Accounts,https://s3.amazonaws.com/YM_Ads/-7406432979526220556.png,41120.3031
2024-11,All Categories,https://x-ad-assets.s3.amazonaws.com/media_asset/4e7f0a40bbfe7038/media,20832.2679
2024-11,Business Banking,https://s3.amazonaws.com/YM_Ads/oIvg4HAD_qF66G-9bLp3Fg.png,216100.23
2024-11,Business Banking,https://s3.amazonaws.com/YM_Ads/IJLKbWtrjnBEAlntMP3lfw.png,129149.0414
2024-11,Business Banking,https://s3.amazonaws.com/YM_Ads/1pk-2IMUYpKRQTU_Tz5SaA.png,32858.126000000004
2024-11,Business Checking Accounts,https://s3.amazonaws.com/YM_Ads/MtOxTUsp_Nt0g_D65qmacw.png,68682.7968
2024-11,Business Checking Accounts,https://s3.amazonaws.com/YM_Ads/_VdI34obhe2SE8BxhfLMHA.png,23747.6974
2024-11,Business Checking Accounts,https://s3.amazonaws.com/YM_Ads/3U8vE9_0H40ioznQpqf3Kw.png,16760.1048
2024-11,Business Credit Cards,https://x-ad-assets.s3.amazonaws.com/media_asset/46ce1a492a28ae2a/media,727429.9807
2024-11,Business Credit Cards,https://x-ad-assets.s3.amazonaws.com/media_asset/706d1ac423bb79a9/media,644131.7539
2024-11,Business Credit Cards,https://s3.amazonaws.com/YM_Ads/3598717512360308375.png,261472.4733
2024-11,Business Finance & Business Solutions,https://s3.amazonaws.com/YM_Ads/8473875215604291989.png,3853.3829
2024-11,Business Finance & Business Solutions,https://s3.amazonaws.com/YM_Ads/-5759240279881103393.png,3312.2317000000003
2024-11,Business Finance & Business Solutions,https://s3.amazonaws.com/YM_Ads/8616063279482390266.png,1619.7608
2024-11,Business Savings Accounts,https://s3.amazonaws.com/YM_Ads/zUf1YI-mybtXxokvEsQ4Hg.png,38714.1538
2024-11,Business Savings Accounts,https://s3.amazonaws.com/YM_Ads/WwmbcTV5mCfwNv0hkiBVYQ.png,12883.932999999999
2024-11,Business Savings Accounts,https://s3.amazonaws.com/YM_Ads/K7ylX5pHzJUWkSnhvCoyiw.png,5697.5826
2024-11,Car Buying Services,https://s3.amazonaws.com/YM_Ads/Jmvcxyv5snbJrHiRw4JlUA.png,44885.8756
2024-11,Car Buying Services,https://s3.amazonaws.com/YM_Ads/edkI48H6IMVgEgt-blJatw.mp4,34969.172
2024-11,Car Buying Services,https://s3.amazonaws.com/YM_Ads/1aGGjodIReSiYx2VQEDFVA.png,25030.4521
2024-11,Cardholder Benefits,https://s3.amazonaws.com/YM_Ads/_Fh-7OKo9nT-yKzWPTVu2g.png,49728.2494
2024-11,Cardholder Benefits,https://s3.amazonaws.com/YM_Ads/2115312501136894425.png,45771.2708
2024-11,Cardholder Benefits,https://s3.amazonaws.com/YM_Ads/651284331650241358.png,44966.1587
2024-11,Certificate of Deposit Accounts,https://s3.amazonaws.com/YM_Ads/-2593799882523656222.png,103259.5149
2024-11,Certificate of Deposit Accounts,https://s3.amazonaws.com/YM_Ads/-8629911875326252924.png,91614.8318
2024-11,Certificate of Deposit Accounts,https://s3.amazonaws.com/YM_Ads/4285677346378217289.png,81053.6407
2024-11,Checking Accounts,https://x-ad-assets.s3.amazonaws.com/media_asset/5cfecb5bbb44d56d/media,546887.2329
2024-11,Checking Accounts,https://x-ad-assets.s3.amazonaws.com/media_asset/619f8468a80e4f35/media,446455.9189
2024-11,Checking Accounts,https://s3.amazonaws.com/YM_Ads/2727895697295517437.png,392193.9768
2024-11,Consumer Banking,https://x-ad-assets.s3.amazonaws.com/media_asset/08465d4193000497/media,713766.0253
2024-11,Consumer Banking,https://s3.amazonaws.com/YM_Ads/8535314480578865806.png,511292.0273
2024-11,Consumer Banking,https://s3.amazonaws.com/YM_Ads/4ax9BOgIdQo19movTwfooA.mp4,359232.3829
2024-11,Consumer Credit Cards,https://x-ad-assets.s3.amazonaws.com/media_asset/ede10862c38d1280/media,980658.0469
2024-11,Consumer Credit Cards,https://s3.amazonaws.com/YM_Ads/ZA2v-G3I3yVxlnOVd1bWvQ.png,973541.579
2024-11,Consumer Credit Cards,https://x-ad-assets.s3.amazonaws.com/media_asset/fc632831e12ea761/media,883193.6709
2024-11,"Corporate, Institutional, and Wholesale Banking",https://s3.amazonaws.com/YM_Ads/bZYDCfCNDGOcsy2Nx7LF5Q.mp4,54484.5097
2024-11,"Corporate, Institutional, and Wholesale Banking",https://x-ad-assets.s3.amazonaws.com/media_asset/f233b289a5da98f4/media,36495.4138
2024-11,"Corporate, Institutional, and Wholesale Banking",https://s3.amazonaws.com/YM_Ads/O2-H78JLfJhD26JiPBeMfw.webm,34899.145099999994
2024-11,Coupons & Rebates,https://s3.amazonaws.com/YM_Ads/su_b-Ohr6vk1Fb0Rpi2s1g.png,169246.1178
2024-11,Coupons & Rebates,https://s3.amazonaws.com/YM_Ads/TezFYwEKPmo7eaPhvW9rHw.png,160731.8976
2024-11,Coupons & Rebates,https://s3.amazonaws.com/YM_Ads/igAfZ51bPBYGqvOiQK3SRw.png,98748.6201
2024-11,Credit Cards,https://s3.amazonaws.com/YM_Ads/9061301210183800756.png,53611.3074
2024-11,Credit Cards,https://x-ad-assets.s3.amazonaws.com/media_asset/cecd048cc703b820/media,12414.3702
2024-11,Credit Cards,https://x-ad-assets.s3.amazonaws.com/media_asset/ef48c83a6c1909b5/media,8506.448699999999
2024-11,Credit Reports & Reporting Services,https://s3.amazonaws.com/YM_Ads/2655883329725745036.png,60233.7093
2024-11,Credit Reports & Reporting Services,https://x-ad-assets.s3.amazonaws.com/media_asset/2fd1f73e16d81a0f/media,20630.6523
2024-11,Credit Reports & Reporting Services,https://x-ad-assets.s3.amazonaws.com/media_asset/7483d67f917ee23f/media,20016.3343
2024-11,Finance Careers,https://x-ad-assets.s3.amazonaws.com/media_asset/0e2b1491eaa6d178/media,96451.6852
2024-11,Finance Careers,https://x-ad-assets.s3.amazonaws.com/media_asset/682c18a657896c18/media,72847.9342
2024-11,Finance Careers,https://x-ad-assets.s3.amazonaws.com/media_asset/3c212b83b1311e52/media,26455.5422
2024-11,Financial Services,https://s3.amazonaws.com/YM_Ads/7667870999251460969.png,328064.6442
2024-11,Financial Services,https://s3.amazonaws.com/YM_Ads/h54Xga-tquf2kYnmB9C6Vg.png,122369.6441
2024-11,Financial Services,https://s3.amazonaws.com/YM_Ads/LEq74B4BzS3BbmhIjz9FDA.mp4,90585.8779
2024-11,Savings Accounts,https://s3.amazonaws.com/YM_Ads/-4954060316539940705.png,206894.0499
2024-11,Savings Accounts,https://s3.amazonaws.com/YM_Ads/e0yuxvXQFWD-EmenmwcfFA.png,177193.1851
2024-11,Savings Accounts,https://s3.amazonaws.com/YM_Ads/-yGEcHLvCpJo9K47YB5RQg.png,112849.0139
2024-12,All Categories,https://x-ad-assets.s3.amazonaws.com/media_asset/4e7f0a40bbfe7038/media,7698.054099999999
2024-12,Business Banking,https://s3.amazonaws.com/YM_Ads/oIvg4HAD_qF66G-9bLp3Fg.png,276939.2974
2024-12,Business Banking,https://s3.amazonaws.com/YM_Ads/IJLKbWtrjnBEAlntMP3lfw.png,117059.8411
2024-12,Business Banking,https://s3.amazonaws.com/YM_Ads/8790410248892662039.png,33288.8952
2024-12,Business Checking Accounts,https://s3.amazonaws.com/YM_Ads/_VdI34obhe2SE8BxhfLMHA.png,100797.2635
2024-12,Business Checking Accounts,https://s3.amazonaws.com/YM_Ads/MtOxTUsp_Nt0g_D65qmacw.png,53614.8612
2024-12,Business Checking Accounts,https://s3.amazonaws.com/YM_Ads/3U8vE9_0H40ioznQpqf3Kw.png,38833.0365
2024-12,Business Credit Cards,https://x-ad-assets.s3.amazonaws.com/media_asset/a1156bd68bc51f06/media,434649.5132
2024-12,Business Credit Cards,https://x-ad-assets.s3.amazonaws.com/media_asset/46ce1a492a28ae2a/media,417216.7683
2024-12,Business Credit Cards,https://x-ad-assets.s3.amazonaws.com/media_asset/22388a0f8154ab1c/media,415795.2094
2024-12,Business Finance & Business Solutions,https://s3.amazonaws.com/YM_Ads/8473875215604291989.png,23388.8416
2024-12,Business Finance & Business Solutions,https://s3.amazonaws.com/YM_Ads/-5759240279881103393.png,14679.679399999999
2024-12,Business Finance & Business Solutions,https://s3.amazonaws.com/YM_Ads/8932583061006196344.png,11893.0816
2024-12,Business Savings Accounts,https://s3.amazonaws.com/YM_Ads/4tFQcXKrj2W4HlY4CLEF9w.png,33267.6988
2024-12,Business Savings Accounts,https://s3.amazonaws.com/YM_Ads/WwmbcTV5mCfwNv0hkiBVYQ.png,28094.484800000002
2024-12,Business Savings Accounts,https://s3.amazonaws.com/YM_Ads/xXlEdunu9OXnNIWJCSDpvA.png,7130.6816
2024-12,Car Buying Services,https://s3.amazonaws.com/YM_Ads/Jmvcxyv5snbJrHiRw4JlUA.png,21261.507
2024-12,Car Buying Services,https://s3.amazonaws.com/YM_Ads/edkI48H6IMVgEgt-blJatw.mp4,10390.7746
2024-12,Car Buying Services,https://s3.amazonaws.com/YM_Ads/v56qF3_-ZvfiVWfoW2Ek1Q.png,7079.3874
2024-12,Cardholder Benefits,https://s3.amazonaws.com/YM_Ads/1379911934341841756.png,232436.197
2024-12,Cardholder Benefits,https://s3.amazonaws.com/YM_Ads/-6476532520004898461.png,151992.9103
2024-12,Cardholder Benefits,https://s3.amazonaws.com/YM_Ads/5862101591469654619.png,98650.2587
2024-12,Certificate of Deposit Accounts,https://s3.amazonaws.com/YM_Ads/6363818018803408568.png,27795.3944
2024-12,Certificate of Deposit Accounts,https://s3.amazonaws.com/YM_Ads/-4960505604667289606.png,23252.4505
2024-12,Certificate of Deposit Accounts,https://s3.amazonaws.com/YM_Ads/6605652837755122257.png,16764.5567
2024-12,Checking Accounts,https://s3.amazonaws.com/YM_Ads/4135872406115760760.png,493904.4532
2024-12,Checking Accounts,https://x-ad-assets.s3.amazonaws.com/media_asset/619f8468a80e4f35/media,489278.201
2024-12,Checking Accounts,https://s3.amazonaws.com/YM_Ads/-570956462416789518.png,486921.4308
2024-12,Consumer Banking,https://x-ad-assets.s3.amazonaws.com/media_asset/08465d4193000497/media,601178.309
2024-12,Consumer Banking,https://x-ad-assets.s3.amazonaws.com/media_asset/e938d6fa265013ee/media,349774.0148
2024-12,Consumer Banking,https://s3.amazonaws.com/YM_Ads/6676550154921023854.png,254937.6843
2024-12,Consumer Credit Cards,https://x-ad-assets.s3.amazonaws.com/media_asset/fc632831e12ea761/media,1118586.2471
2024-12,Consumer Credit Cards,https://x-ad-assets.s3.amazonaws.com/media_asset/bfb550c8758c8c1b/media,885986.8827
2024-12,Consumer Credit Cards,https://x-ad-assets.s3.amazonaws.com/media_asset/cbfb717450bc226f/media,816132.0396
2024-12,"Corporate, Institutional, and Wholesale Banking",https://s3.amazonaws.com/YM_Ads/bZYDCfCNDGOcsy2Nx7LF5Q.mp4,29705.4053
2024-12,"Corporate, Institutional, and Wholesale Banking",https://s3.amazonaws.com/YM_Ads/O2-H78JLfJhD26JiPBeMfw.webm,25949.7483
2024-12,"Corporate, Institutional, and Wholesale Banking",https://s3.amazonaws.com/YM_Ads/jL7_gmORk2Ual0j_YZoBDA.webm,17393.9034
2024-12,Coupons & Rebates,https://x-ad-assets.s3.amazonaws.com/media_asset/b69e777af70096a8/media,330890.5415
2024-12,Coupons & Rebates,https://s3.amazonaws.com/YM_Ads/49-vjL7e8TH7HKr1S7oKjA.png,177973.6005
2024-12,Coupons & Rebates,https://s3.amazonaws.com/YM_Ads/su_b-Ohr6vk1Fb0Rpi2s1g.png,175933.7896
2024-12,Credit Cards,https://s3.amazonaws.com/YM_Ads/4023294402329316674.png,31433.5288
2024-12,Credit Cards,https://x-ad-assets.s3.amazonaws.com/media_asset/63edee1cda177321/media,24823.626
2024-12,Credit Cards,https://x-ad-assets.s3.amazonaws.com/media_asset/cecd048cc703b820/media,7598.9747
2024-12,Credit Reports & Reporting Services,https://s3.amazonaws.com/YM_Ads/2655883329725745036.png,373880.9327
2024-12,Credit Reports & Reporting Services,https://x-ad-assets.s3.amazonaws.com/media_asset/2fd1f73e16d81a0f/media,54019.8797
2024-12,Credit Reports & Reporting Services,https://x-ad-assets.s3.amazonaws.com/media_asset/5921e8e82bf0942f/media,20323.6759
2024-12,Finance Careers,https://x-ad-assets.s3.amazonaws.com/media_asset/682c18a657896c18/media,75389.1348
2024-12,Finance Careers,https://x-ad-assets.s3.amazonaws.com/media_asset/0e2b1491eaa6d178/media,63973.2345
2024-12,Finance Careers,https://x-ad-assets.s3.amazonaws.com/media_asset/3c212b83b1311e52/media,20781.7894
2024-12,Financial Services,https://s3.amazonaws.com/YM_Ads/7667870999251460969.png,795875.3079
2024-12,Financial Services,https://s3.amazonaws.com/YM_Ads/4896400170623227510.png,375700.7607
2024-12,Financial Services,https://s3.amazonaws.com/YM_Ads/6966783080882287599.png,267459.4429
2024-12,Savings Accounts,https://s3.amazonaws.com/YM_Ads/-1087682468884149667.png,204897.2169
2024-12,Savings Accounts,https://s3.amazonaws.com/YM_Ads/cwE3dc1g8rBA2JG2pJbxVQ.png,91853.8386
2024-12,Savings Accounts,https://s3.amazonaws.com/YM_Ads/-5552837277266884578.png,57829.9883
