Date,Device,Link_to_Creative,Spend_USD
2024-01,Desktop Display,https://s3.amazonaws.com/YM_Ads/7beiedp1Uof_fRyS472D8Q.png,385124.7778
2024-01,Desktop Display,https://s3.amazonaws.com/YM_Ads/zvcb8N4uwX65b4lDuD3asg.png,201484.5427
2024-01,Desktop Display,https://s3.amazonaws.com/YM_Ads/ZX2dDxIiLYjKQe7h_p6L5A.png,187750.7167
2024-01,Desktop Video,https://s3.amazonaws.com/YM_Ads/I1RUkja8L6vmUTZQDxLjJQ.mp4,133443.1342
2024-01,Desktop Video,https://s3.amazonaws.com/YM_Ads/LEq74B4BzS3BbmhIjz9FDA.mp4,79224.0027
2024-01,Desktop Video,https://s3.amazonaws.com/YM_Ads/b6E2H7dB5-cTq6i-VrUQDQ.mp4,69202.4884
2024-01,Facebook,https://s3.amazonaws.com/YM_Ads/8278193215417937680.png,357463.9686
2024-01,Facebook,https://s3.amazonaws.com/YM_Ads/7787298822459641772.png,90148.1551
2024-01,Facebook,https://s3.amazonaws.com/YM_Ads/-6991885883936868166.png,75947.6804
2024-01,Instagram,https://s3.amazonaws.com/YM_Ads/645233030685019561.png,495559.88910000003
2024-01,Instagram,https://s3.amazonaws.com/YM_Ads/2489159132674213958.png,384047.2473
2024-01,Instagram,https://s3.amazonaws.com/YM_Ads/1586485183246953749.png,145162.9484
2024-01,Mobile Display,https://s3.amazonaws.com/YM_Ads/FPzYrL3-9NBvky0nIVY4VQ.png,28323.8144
2024-01,Mobile Display,https://s3.amazonaws.com/YM_Ads/jt8j_qrtojEHDcd_idpIlQ.png,16987.3379
2024-01,Mobile Display,https://s3.amazonaws.com/YM_Ads/pox02bP9BWAB22a9mX9BPA.png,14998.5632
2024-01,OTT,https://x-ad-assets.s3.amazonaws.com/media_asset/80bd79e80bc40319/media,1162019.4244
2024-01,OTT,https://x-ad-assets.s3.amazonaws.com/media_asset/37ebee1ab6d757a3/media,912526.3966
2024-01,OTT,https://x-ad-assets.s3.amazonaws.com/media_asset/2c484bc1fc2ebcff/media,789318.9649
2024-01,Snapchat,https://s3.amazonaws.com/YM_Ads/625102444743132897.jpeg,10442.3755
2024-01,TikTok,https://x-ad-assets.s3.amazonaws.com/media_asset/6c74a206a0b31394/media,1562551.008
2024-01,TikTok,https://x-ad-assets.s3.amazonaws.com/media_asset/706d1ac423bb79a9/media,662420.3282
2024-01,TikTok,https://x-ad-assets.s3.amazonaws.com/media_asset/916daa3825717d1a/media,58390.4149
2024-01,X (formerly Twitter),https://s3.amazonaws.com/YM_Ads/1104504018732552172.png,30.68
2024-01,X (formerly Twitter),https://s3.amazonaws.com/YM_Ads/7255552486118023005.png,23.815
2024-01,YouTube,https://x-ad-assets.s3.amazonaws.com/media_asset/081668bbc4003162/media,576151.6176
2024-01,YouTube,https://x-ad-assets.s3.amazonaws.com/media_asset/97d6d5f8fd6b7280/media,379948.5068
2024-01,YouTube,https://x-ad-assets.s3.amazonaws.com/media_asset/4f40c99164eb1b3f/media,229229.3951
2024-02,Desktop Display,https://s3.amazonaws.com/YM_Ads/pTshOSU0n3TPa6ozSyEWHQ.png,527432.1518
2024-02,Desktop Display,https://s3.amazonaws.com/YM_Ads/ZX2dDxIiLYjKQe7h_p6L5A.png,403742.4498
2024-02,Desktop Display,https://s3.amazonaws.com/YM_Ads/Xq73j6Y5yELwp2jVh_sYpg.png,251147.5261
2024-02,Desktop Video,https://s3.amazonaws.com/YM_Ads/x2-OBR-eU3yw3zaOEmHhxw.mp4,69633.43609999999
2024-02,Desktop Video,https://s3.amazonaws.com/YM_Ads/LEq74B4BzS3BbmhIjz9FDA.mp4,57171.3114
2024-02,Desktop Video,https://s3.amazonaws.com/YM_Ads/IDQWcebW5soEuqllpniqnA.mp4,34559.9678
2024-02,Facebook,https://s3.amazonaws.com/YM_Ads/8278193215417937680.png,316270.0244
2024-02,Facebook,https://s3.amazonaws.com/YM_Ads/3866107542895925003.png,108615.3675
2024-02,Facebook,https://s3.amazonaws.com/YM_Ads/-5571749228271218928.png,108523.0409
2024-02,Instagram,https://s3.amazonaws.com/YM_Ads/2489159132674213958.png,287715.1611
2024-02,Instagram,https://s3.amazonaws.com/YM_Ads/645233030685019561.png,266315.1106
2024-02,Instagram,https://s3.amazonaws.com/YM_Ads/1586485183246953749.png,125571.4563
2024-02,Mobile Display,https://s3.amazonaws.com/YM_Ads/9p7l8vlXelmcYsQDvvWhqg.png,16226.1036
2024-02,Mobile Display,https://s3.amazonaws.com/YM_Ads/3kMM0i5cWLNeo4GHo3LdzQ.png,13556.820600000001
2024-02,Mobile Display,https://s3.amazonaws.com/YM_Ads/DSSrl3V0ocKW92Dr_rLwbQ.png,11930.8008
2024-02,OTT,https://x-ad-assets.s3.amazonaws.com/media_asset/80bd79e80bc40319/media,1722693.3468
2024-02,OTT,https://x-ad-assets.s3.amazonaws.com/media_asset/2c484bc1fc2ebcff/media,1088474.9455
2024-02,OTT,https://x-ad-assets.s3.amazonaws.com/media_asset/664eb6726159d0c8/media,575700.5521
2024-02,Snapchat,https://s3.amazonaws.com/YM_Ads/625102444743132897.jpeg,61933.0405
2024-02,Snapchat,https://s3.amazonaws.com/YM_Ads/-2501613064913910779.jpeg,250.8518
2024-02,TikTok,https://x-ad-assets.s3.amazonaws.com/media_asset/6c74a206a0b31394/media,1362562.5822
2024-02,TikTok,https://x-ad-assets.s3.amazonaws.com/media_asset/706d1ac423bb79a9/media,647176.3092
2024-02,TikTok,https://x-ad-assets.s3.amazonaws.com/media_asset/916daa3825717d1a/media,192580.6126
2024-02,YouTube,https://x-ad-assets.s3.amazonaws.com/media_asset/081668bbc4003162/media,288100.7625
2024-02,YouTube,https://x-ad-assets.s3.amazonaws.com/media_asset/99c2ed5b708c5414/media,276930.0402
2024-02,YouTube,https://x-ad-assets.s3.amazonaws.com/media_asset/97d6d5f8fd6b7280/media,220792.9847
2024-03,Desktop Display,https://s3.amazonaws.com/YM_Ads/Eo4UfXWfSGytlTjw4tumhw.png,470457.1813
2024-03,Desktop Display,https://s3.amazonaws.com/YM_Ads/ZX2dDxIiLYjKQe7h_p6L5A.png,464318.1119
2024-03,Desktop Display,https://s3.amazonaws.com/YM_Ads/ex2y0DdKKRjLX0KMPJ_k4w.png,444643.0342
2024-03,Desktop Video,https://s3.amazonaws.com/YM_Ads/Vd9zwKXdNqnEr7Ei4nkSRw.mp4,53837.9764
2024-03,Desktop Video,https://s3.amazonaws.com/YM_Ads/LEq74B4BzS3BbmhIjz9FDA.mp4,43692.5432
2024-03,Desktop Video,https://s3.amazonaws.com/YM_Ads/cmZ4ZI_gUyJXaHIJNqyRzQ.mp4,38089.4274
2024-03,Facebook,https://s3.amazonaws.com/YM_Ads/-6059698801507964296.png,422358.25430000003
2024-03,Facebook,https://s3.amazonaws.com/YM_Ads/8278193215417937680.png,334591.0647
2024-03,Facebook,https://s3.amazonaws.com/YM_Ads/-7888626863881174058.png,202916.1538
2024-03,Instagram,https://s3.amazonaws.com/YM_Ads/645233030685019561.png,491955.4571
2024-03,Instagram,https://s3.amazonaws.com/YM_Ads/-4517428492616297246.png,242037.8846
2024-03,Instagram,https://s3.amazonaws.com/YM_Ads/8328088030087117056.png,68945.0344
2024-03,Mobile Display,https://s3.amazonaws.com/YM_Ads/5rDKnNJHyfuD0jcZJMY-fA.jpg,75473.834
2024-03,Mobile Display,https://s3.amazonaws.com/YM_Ads/lf-eptvavx3KQAf367vLBA.jpg,56127.7969
2024-03,Mobile Display,https://s3.amazonaws.com/YM_Ads/2uut66E2gZEkdCBBGWSdug.png,20435.1997
2024-03,OTT,https://x-ad-assets.s3.amazonaws.com/media_asset/80bd79e80bc40319/media,2008204.4761
2024-03,OTT,https://x-ad-assets.s3.amazonaws.com/media_asset/2c484bc1fc2ebcff/media,1226738.4043
2024-03,OTT,https://x-ad-assets.s3.amazonaws.com/media_asset/a1156bd68bc51f06/media,1021547.5382
2024-03,Snapchat,https://s3.amazonaws.com/YM_Ads/625102444743132897.jpeg,54640.879
2024-03,Snapchat,https://s3.amazonaws.com/YM_Ads/-2501613064913910779.jpeg,793.4064
2024-03,TikTok,https://x-ad-assets.s3.amazonaws.com/media_asset/6c74a206a0b31394/media,1097951.9942
2024-03,TikTok,https://x-ad-assets.s3.amazonaws.com/media_asset/706d1ac423bb79a9/media,658011.1106
2024-03,TikTok,https://x-ad-assets.s3.amazonaws.com/media_asset/916daa3825717d1a/media,285628.5974
2024-03,YouTube,https://x-ad-assets.s3.amazonaws.com/media_asset/955fb9b9276d98cd/media,825013.2447
2024-03,YouTube,https://x-ad-assets.s3.amazonaws.com/media_asset/081668bbc4003162/media,263553.6575
2024-03,YouTube,https://x-ad-assets.s3.amazonaws.com/media_asset/6669776f2bd15264/media,192120.6078
2024-04,Desktop Display,https://s3.amazonaws.com/YM_Ads/ZX2dDxIiLYjKQe7h_p6L5A.png,469160.4238
2024-04,Desktop Display,https://s3.amazonaws.com/YM_Ads/su_b-Ohr6vk1Fb0Rpi2s1g.png,200702.8473
2024-04,Desktop Display,https://s3.amazonaws.com/YM_Ads/FX6ILPQdFiUsuvm6qUq0Zw.png,126360.1357
2024-04,Desktop Video,https://s3.amazonaws.com/YM_Ads/y2P_z34Rh9uWcYGPY5ttZA.mp4,130189.9691
2024-04,Desktop Video,https://s3.amazonaws.com/YM_Ads/UyZ7sBNuZ8JUj_Saoi64ug.mp4,90659.3947
2024-04,Desktop Video,https://s3.amazonaws.com/YM_Ads/CKZ01ijTcl1oYVIQKxunFw.mp4,83980.1285
2024-04,Facebook,https://s3.amazonaws.com/YM_Ads/7589964286422949603.png,693207.2562
2024-04,Facebook,https://s3.amazonaws.com/YM_Ads/-6059698801507964296.png,299009.2038
2024-04,Facebook,https://s3.amazonaws.com/YM_Ads/1996850903291247482.png,210113.4278
2024-04,Instagram,https://s3.amazonaws.com/YM_Ads/-4517428492616297246.png,244408.5795
2024-04,Instagram,https://s3.amazonaws.com/YM_Ads/1859822762973519453.png,233714.9215
2024-04,Instagram,https://s3.amazonaws.com/YM_Ads/645233030685019561.png,224641.6158
2024-04,Mobile Display,https://s3.amazonaws.com/YM_Ads/jt8j_qrtojEHDcd_idpIlQ.png,16203.3115
2024-04,Mobile Display,https://s3.amazonaws.com/YM_Ads/kptBmdq2GgxyQxdKV-RY9w.gif,12511.976200000001
2024-04,Mobile Display,https://s3.amazonaws.com/YM_Ads/vaBfauOnvWxPX97tsnhEyw.jpg,10812.1558
2024-04,OTT,https://x-ad-assets.s3.amazonaws.com/media_asset/80bd79e80bc40319/media,1280608.5147
2024-04,OTT,https://x-ad-assets.s3.amazonaws.com/media_asset/37ebee1ab6d757a3/media,1005639.1366
2024-04,OTT,https://x-ad-assets.s3.amazonaws.com/media_asset/bfb550c8758c8c1b/media,837767.7629
2024-04,Snapchat,https://s3.amazonaws.com/YM_Ads/625102444743132897.jpeg,37405.7841
2024-04,TikTok,https://x-ad-assets.s3.amazonaws.com/media_asset/6c74a206a0b31394/media,573655.2471
2024-04,TikTok,https://x-ad-assets.s3.amazonaws.com/media_asset/706d1ac423bb79a9/media,462158.0843
2024-04,TikTok,https://x-ad-assets.s3.amazonaws.com/media_asset/cba235434a479f7d/media,200935.228
2024-04,YouTube,https://x-ad-assets.s3.amazonaws.com/media_asset/970ed43a8cf74499/media,280200.2405
2024-04,YouTube,https://x-ad-assets.s3.amazonaws.com/media_asset/99c2ed5b708c5414/media,130267.67139999999
2024-04,YouTube,https://x-ad-assets.s3.amazonaws.com/media_asset/d6992cefa0c5b9d4/media,108599.2929
2024-05,Desktop Display,https://s3.amazonaws.com/YM_Ads/ZX2dDxIiLYjKQe7h_p6L5A.png,410702.0534
2024-05,Desktop Display,https://s3.amazonaws.com/YM_Ads/1aGGjodIReSiYx2VQEDFVA.png,151365.1849
2024-05,Desktop Display,https://s3.amazonaws.com/YM_Ads/Jmvcxyv5snbJrHiRw4JlUA.png,149065.8533
2024-05,Desktop Video,https://s3.amazonaws.com/YM_Ads/y2P_z34Rh9uWcYGPY5ttZA.mp4,101469.6293
2024-05,Desktop Video,https://s3.amazonaws.com/YM_Ads/cQA__1wZtet4nRCtsgPGhA.mp4,74665.6731
2024-05,Desktop Video,https://s3.amazonaws.com/YM_Ads/UyZ7sBNuZ8JUj_Saoi64ug.mp4,67595.5616
2024-05,Facebook,https://s3.amazonaws.com/YM_Ads/-9147211259769290841.png,247808.826
2024-05,Facebook,https://s3.amazonaws.com/YM_Ads/-6116376933397611734.png,211959.9275
2024-05,Facebook,https://s3.amazonaws.com/YM_Ads/-6383768124273403601.png,184555.8382
2024-05,Instagram,https://s3.amazonaws.com/YM_Ads/5509077119537351036.png,265456.9456
2024-05,Instagram,https://s3.amazonaws.com/YM_Ads/120843516935687702.png,207360.09840000002
2024-05,Instagram,https://s3.amazonaws.com/YM_Ads/-4517428492616297246.png,202637.2541
2024-05,Mobile Display,https://s3.amazonaws.com/YM_Ads/Ht_eSHKRfZ8RyKPcWoZbVg.png,25570.7993
2024-05,Mobile Display,https://s3.amazonaws.com/YM_Ads/D1c7zHpSTIlWge1bJ45UIQ.png,20862.942
2024-05,Mobile Display,https://s3.amazonaws.com/YM_Ads/vaBfauOnvWxPX97tsnhEyw.jpg,13619.697100000001
2024-05,OTT,https://x-ad-assets.s3.amazonaws.com/media_asset/7af911665027a685/media,1387606.363
2024-05,OTT,https://x-ad-assets.s3.amazonaws.com/media_asset/e539913b0b10f77f/media,1336688.3778
2024-05,OTT,https://x-ad-assets.s3.amazonaws.com/media_asset/bfb550c8758c8c1b/media,1038409.1058
2024-05,Snapchat,https://s3.amazonaws.com/YM_Ads/625102444743132897.jpeg,61930.0861
2024-05,Snapchat,https://s3.amazonaws.com/YM_Ads/-2501613064913910779.jpeg,466.4459
2024-05,TikTok,https://x-ad-assets.s3.amazonaws.com/media_asset/46ce1a492a28ae2a/media,472302.3971
2024-05,TikTok,https://x-ad-assets.s3.amazonaws.com/media_asset/916daa3825717d1a/media,306791.2183
2024-05,TikTok,https://x-ad-assets.s3.amazonaws.com/media_asset/a480d005a7523eba/media,63369.0296
2024-05,YouTube,https://x-ad-assets.s3.amazonaws.com/media_asset/daf7f67fdd155253/media,277558.2564
2024-05,YouTube,https://x-ad-assets.s3.amazonaws.com/media_asset/970ed43a8cf74499/media,230332.8663
2024-05,YouTube,https://x-ad-assets.s3.amazonaws.com/media_asset/440c3b96b82044b0/media,208824.8707
2024-06,Desktop Display,https://s3.amazonaws.com/YM_Ads/ZX2dDxIiLYjKQe7h_p6L5A.png,311606.1375
2024-06,Desktop Display,https://s3.amazonaws.com/YM_Ads/7TO2F1cU5z_jBlxTpkNPWw.png,86086.7173
2024-06,Desktop Display,https://s3.amazonaws.com/YM_Ads/Jmvcxyv5snbJrHiRw4JlUA.png,81515.8008
2024-06,Desktop Video,https://s3.amazonaws.com/YM_Ads/UyZ7sBNuZ8JUj_Saoi64ug.mp4,158192.2094
2024-06,Desktop Video,https://s3.amazonaws.com/YM_Ads/y2P_z34Rh9uWcYGPY5ttZA.mp4,126169.0631
2024-06,Desktop Video,https://s3.amazonaws.com/YM_Ads/tPZaJH2Rp-xpiG_kRRcZ0Q.mp4,76521.3496
2024-06,Facebook,https://s3.amazonaws.com/YM_Ads/-9147211259769290841.png,584842.3194
2024-06,Facebook,https://s3.amazonaws.com/YM_Ads/-3013142733376179420.png,159090.8739
2024-06,Facebook,https://s3.amazonaws.com/YM_Ads/-8172075211507506295.png,147575.031
2024-06,Instagram,https://s3.amazonaws.com/YM_Ads/5668199909030255861.png,315299.1604
2024-06,Instagram,https://s3.amazonaws.com/YM_Ads/3598717512360308375.png,138371.9815
2024-06,Instagram,https://s3.amazonaws.com/YM_Ads/120843516935687702.png,124965.5962
2024-06,Mobile Display,https://s3.amazonaws.com/YM_Ads/VOrhRfbR9bAlvCli3hYR8Q.png,7620.37
2024-06,Mobile Display,https://s3.amazonaws.com/YM_Ads/3ETumTnQT1nNVP8mtveJ3w.png,4971.2639
2024-06,Mobile Display,https://s3.amazonaws.com/YM_Ads/9p7l8vlXelmcYsQDvvWhqg.png,3666.9437000000003
2024-06,OTT,https://x-ad-assets.s3.amazonaws.com/media_asset/7af911665027a685/media,1658390.6735
2024-06,OTT,https://x-ad-assets.s3.amazonaws.com/media_asset/e539913b0b10f77f/media,1657920.3169
2024-06,OTT,https://x-ad-assets.s3.amazonaws.com/media_asset/d908eff5151575e4/media,1103880.0971000001
2024-06,Snapchat,https://s3.amazonaws.com/YM_Ads/625102444743132897.jpeg,54334.7422
2024-06,Snapchat,https://s3.amazonaws.com/YM_Ads/-2501613064913910779.jpeg,250.078
2024-06,TikTok,https://x-ad-assets.s3.amazonaws.com/media_asset/916daa3825717d1a/media,548665.8379
2024-06,TikTok,https://x-ad-assets.s3.amazonaws.com/media_asset/46ce1a492a28ae2a/media,444458.7501
2024-06,TikTok,https://x-ad-assets.s3.amazonaws.com/media_asset/a480d005a7523eba/media,122570.8044
2024-06,YouTube,https://x-ad-assets.s3.amazonaws.com/media_asset/daf7f67fdd155253/media,412764.0388
2024-06,YouTube,https://x-ad-assets.s3.amazonaws.com/media_asset/970ed43a8cf74499/media,367203.6911
2024-06,YouTube,https://x-ad-assets.s3.amazonaws.com/media_asset/0575b1698f987168/media,335762.71379999997
2024-07,Desktop Display,https://s3.amazonaws.com/YM_Ads/ZX2dDxIiLYjKQe7h_p6L5A.png,346309.52760000003
2024-07,Desktop Display,https://s3.amazonaws.com/YM_Ads/g6sxrUb1Xr-KYuX1LVuGMQ.png,118472.7838
2024-07,Desktop Display,https://s3.amazonaws.com/YM_Ads/ONd7dOtajpOAFvPwrSHpPg.png,85720.2002
2024-07,Desktop Video,https://s3.amazonaws.com/YM_Ads/_8jQN5-u_EcPFTSH3ISajg.mp4,198749.3198
2024-07,Desktop Video,https://s3.amazonaws.com/YM_Ads/tPZaJH2Rp-xpiG_kRRcZ0Q.mp4,88526.7344
2024-07,Desktop Video,https://s3.amazonaws.com/YM_Ads/KaJ-DkMadHjilXh4-fU6CA.mp4,56500.521199999996
2024-07,Facebook,https://s3.amazonaws.com/YM_Ads/-9147211259769290841.png,440849.4596
2024-07,Facebook,https://s3.amazonaws.com/YM_Ads/-5155846353666472399.png,218866.4256
2024-07,Facebook,https://s3.amazonaws.com/YM_Ads/3756304625482037198.png,204593.7249
2024-07,Instagram,https://s3.amazonaws.com/YM_Ads/5668199909030255861.png,441302.3925
2024-07,Instagram,https://s3.amazonaws.com/YM_Ads/-5590069525949737087.png,321823.3502
2024-07,Instagram,https://s3.amazonaws.com/YM_Ads/-7154987572903099148.png,147903.0465
2024-07,Mobile Display,https://s3.amazonaws.com/YM_Ads/pkSyFCu_fE6QMNx35q9brQ.png,14976.4372
2024-07,Mobile Display,https://s3.amazonaws.com/YM_Ads/2uMa5RMrUj5KXRMZ7PZhtg.png,7840.3159
2024-07,Mobile Display,https://s3.amazonaws.com/YM_Ads/3ETumTnQT1nNVP8mtveJ3w.png,5970.4737000000005
2024-07,OTT,https://x-ad-assets.s3.amazonaws.com/media_asset/e539913b0b10f77f/media,1806612.831
2024-07,OTT,https://x-ad-assets.s3.amazonaws.com/media_asset/7af911665027a685/media,1611677.7965
2024-07,OTT,https://x-ad-assets.s3.amazonaws.com/media_asset/bfb550c8758c8c1b/media,966158.6597
2024-07,Snapchat,https://s3.amazonaws.com/YM_Ads/625102444743132897.jpeg,53476.6955
2024-07,Snapchat,https://s3.amazonaws.com/YM_Ads/143153815209730257.jpeg,31471.4718
2024-07,Snapchat,https://s3.amazonaws.com/YM_Ads/-2501613064913910779.jpeg,250.4116
2024-07,TikTok,https://x-ad-assets.s3.amazonaws.com/media_asset/916daa3825717d1a/media,337825.2806
2024-07,TikTok,https://x-ad-assets.s3.amazonaws.com/media_asset/706d1ac423bb79a9/media,201987.3766
2024-07,TikTok,https://x-ad-assets.s3.amazonaws.com/media_asset/46ce1a492a28ae2a/media,182479.3752
2024-07,YouTube,https://x-ad-assets.s3.amazonaws.com/media_asset/daf7f67fdd155253/media,311145.3502
2024-07,YouTube,https://x-ad-assets.s3.amazonaws.com/media_asset/970ed43a8cf74499/media,278809.26900000003
2024-07,YouTube,https://x-ad-assets.s3.amazonaws.com/media_asset/440c3b96b82044b0/media,233760.98619999998
2024-08,Desktop Display,https://s3.amazonaws.com/YM_Ads/ZX2dDxIiLYjKQe7h_p6L5A.png,204942.9044
2024-08,Desktop Display,https://s3.amazonaws.com/YM_Ads/1aGGjodIReSiYx2VQEDFVA.png,65666.3776
2024-08,Desktop Display,https://s3.amazonaws.com/YM_Ads/zUf1YI-mybtXxokvEsQ4Hg.png,62456.0416
2024-08,Desktop Video,https://s3.amazonaws.com/YM_Ads/7rwJpLNpgfUBh5Kf5KLkhg.mp4,133954.4346
2024-08,Desktop Video,https://s3.amazonaws.com/YM_Ads/tPZaJH2Rp-xpiG_kRRcZ0Q.mp4,82188.2375
2024-08,Desktop Video,https://s3.amazonaws.com/YM_Ads/UyZ7sBNuZ8JUj_Saoi64ug.mp4,73675.928
2024-08,Facebook,https://s3.amazonaws.com/YM_Ads/-5155846353666472399.png,465898.2568
2024-08,Facebook,https://s3.amazonaws.com/YM_Ads/-8172075211507506295.png,201270.6668
2024-08,Facebook,https://s3.amazonaws.com/YM_Ads/3568537736448705445.png,148421.6914
2024-08,Instagram,https://s3.amazonaws.com/YM_Ads/5668199909030255861.png,344000.6245
2024-08,Instagram,https://s3.amazonaws.com/YM_Ads/-1488953851984947570.png,172430.3619
2024-08,Instagram,https://s3.amazonaws.com/YM_Ads/5768309717890557925.png,158510.0238
2024-08,Mobile Display,https://s3.amazonaws.com/YM_Ads/RKW8cp-wFTRz3YNkr-ykhQ.jpg,64201.8317
2024-08,Mobile Display,https://s3.amazonaws.com/YM_Ads/kGghJU2FyRWqBbbuHxdD7g.jpg,28078.2187
2024-08,Mobile Display,https://s3.amazonaws.com/YM_Ads/yuVn4f8m7jJRvzo8Su4ouA.jpg,17865.6169
2024-08,OTT,https://x-ad-assets.s3.amazonaws.com/media_asset/5cfecb5bbb44d56d/media,3505973.0943
2024-08,OTT,https://x-ad-assets.s3.amazonaws.com/media_asset/cbfb717450bc226f/media,806956.8447
2024-08,OTT,https://x-ad-assets.s3.amazonaws.com/media_asset/bfb550c8758c8c1b/media,806324.0632
2024-08,Snapchat,https://s3.amazonaws.com/YM_Ads/143153815209730257.jpeg,30360.7261
2024-08,Snapchat,https://s3.amazonaws.com/YM_Ads/-2501613064913910779.jpeg,496.94489999999996
2024-08,TikTok,https://x-ad-assets.s3.amazonaws.com/media_asset/706d1ac423bb79a9/media,469280.6279
2024-08,TikTok,https://x-ad-assets.s3.amazonaws.com/media_asset/46ce1a492a28ae2a/media,300110.669
2024-08,TikTok,https://x-ad-assets.s3.amazonaws.com/media_asset/da04388b0ad6081a/media,234826.4887
2024-08,YouTube,https://x-ad-assets.s3.amazonaws.com/media_asset/440c3b96b82044b0/media,932594.2477
2024-08,YouTube,https://x-ad-assets.s3.amazonaws.com/media_asset/daf7f67fdd155253/media,226675.00650000002
2024-08,YouTube,https://x-ad-assets.s3.amazonaws.com/media_asset/0575b1698f987168/media,203797.7787
2024-09,Desktop Display,https://s3.amazonaws.com/YM_Ads/UI5BnN6laEyRRUBz2uGNKA.png,71677.5081
2024-09,Desktop Display,https://s3.amazonaws.com/YM_Ads/-1fcGiWlhK9xtexURsW7Yg.png,69068.9966
2024-09,Desktop Display,https://s3.amazonaws.com/YM_Ads/ZX2dDxIiLYjKQe7h_p6L5A.png,59744.8107
2024-09,Desktop Video,https://s3.amazonaws.com/YM_Ads/UyZ7sBNuZ8JUj_Saoi64ug.mp4,152577.2171
2024-09,Desktop Video,https://s3.amazonaws.com/YM_Ads/y2P_z34Rh9uWcYGPY5ttZA.mp4,115774.3351
2024-09,Desktop Video,https://s3.amazonaws.com/YM_Ads/P33fRqBRbnlnn3yL9jMZLA.mp4,109327.3662
2024-09,Facebook,https://s3.amazonaws.com/YM_Ads/2727895697295517437.png,657824.101
2024-09,Facebook,https://s3.amazonaws.com/YM_Ads/2926741121376111280.png,331682.939
2024-09,Facebook,https://s3.amazonaws.com/YM_Ads/-7707496996365445141.png,187811.48249999998
2024-09,Instagram,https://s3.amazonaws.com/YM_Ads/-6051156516202674296.png,306231.4715
2024-09,Instagram,https://s3.amazonaws.com/YM_Ads/-1488953851984947570.png,192813.0491
2024-09,Instagram,https://s3.amazonaws.com/YM_Ads/5668199909030255861.png,190658.3847
2024-09,Mobile Display,https://s3.amazonaws.com/YM_Ads/uB1hVTadvIYMUWcwnWdSiQ.png,47912.576199999996
2024-09,Mobile Display,https://s3.amazonaws.com/YM_Ads/3kMM0i5cWLNeo4GHo3LdzQ.png,33405.3101
2024-09,Mobile Display,https://s3.amazonaws.com/YM_Ads/8agcolE_Hom82xn88XvPqA.png,14065.0223
2024-09,OTT,https://x-ad-assets.s3.amazonaws.com/media_asset/5cfecb5bbb44d56d/media,2587531.3773
2024-09,OTT,https://x-ad-assets.s3.amazonaws.com/media_asset/bfb550c8758c8c1b/media,1071927.5408
2024-09,OTT,https://x-ad-assets.s3.amazonaws.com/media_asset/cbfb717450bc226f/media,1008300.7930000001
2024-09,TikTok,https://x-ad-assets.s3.amazonaws.com/media_asset/706d1ac423bb79a9/media,447271.4189
2024-09,TikTok,https://x-ad-assets.s3.amazonaws.com/media_asset/46ce1a492a28ae2a/media,301160.1518
2024-09,TikTok,https://x-ad-assets.s3.amazonaws.com/media_asset/974b7979dfe121c2/media,83375.3307
2024-09,YouTube,https://x-ad-assets.s3.amazonaws.com/media_asset/440c3b96b82044b0/media,419290.3483
2024-09,YouTube,https://x-ad-assets.s3.amazonaws.com/media_asset/daf7f67fdd155253/media,299972.6349
2024-09,YouTube,https://x-ad-assets.s3.amazonaws.com/media_asset/970ed43a8cf74499/media,282526.5171
2024-10,Desktop Display,https://s3.amazonaws.com/YM_Ads/su_b-Ohr6vk1Fb0Rpi2s1g.png,104879.9191
2024-10,Desktop Display,https://s3.amazonaws.com/YM_Ads/ta4Oj9x0P6ZMOWdC-4t_MQ.png,101730.4469
2024-10,Desktop Display,https://s3.amazonaws.com/YM_Ads/oIvg4HAD_qF66G-9bLp3Fg.png,78454.7167
2024-10,Desktop Video,https://s3.amazonaws.com/YM_Ads/9NgrMABP-PJ6UKhE--bSkg.mp4,785270.1987
2024-10,Desktop Video,https://s3.amazonaws.com/YM_Ads/P33fRqBRbnlnn3yL9jMZLA.mp4,145043.3716
2024-10,Desktop Video,https://s3.amazonaws.com/YM_Ads/4ax9BOgIdQo19movTwfooA.mp4,95352.3145
2024-10,Facebook,https://s3.amazonaws.com/YM_Ads/2727895697295517437.png,699965.7918
2024-10,Facebook,https://s3.amazonaws.com/YM_Ads/-8216113736852200858.png,154858.5499
2024-10,Facebook,https://s3.amazonaws.com/YM_Ads/3053726267878471408.png,103517.6896
2024-10,Instagram,https://s3.amazonaws.com/YM_Ads/-6746662757719933556.png,570619.6278
2024-10,Instagram,https://s3.amazonaws.com/YM_Ads/-1488953851984947570.png,256917.30000000002
2024-10,Instagram,https://s3.amazonaws.com/YM_Ads/3598717512360308375.png,207828.4887
2024-10,Mobile Display,https://s3.amazonaws.com/YM_Ads/oPThfY2AtaNbKU88m-Ns6A.png,128310.25
2024-10,Mobile Display,https://s3.amazonaws.com/YM_Ads/rmwUkzZ2fCsBoDLX6bTJKg.png,117355.5273
2024-10,Mobile Display,https://s3.amazonaws.com/YM_Ads/d8KKYNMPyYo_DOE8q88_Ug.png,110961.2424
2024-10,OTT,https://x-ad-assets.s3.amazonaws.com/media_asset/08465d4193000497/media,953255.107
2024-10,OTT,https://x-ad-assets.s3.amazonaws.com/media_asset/5cfecb5bbb44d56d/media,536297.9895
2024-10,OTT,https://x-ad-assets.s3.amazonaws.com/media_asset/a1156bd68bc51f06/media,532360.8948
2024-10,TikTok,https://x-ad-assets.s3.amazonaws.com/media_asset/46ce1a492a28ae2a/media,734793.2713
2024-10,TikTok,https://x-ad-assets.s3.amazonaws.com/media_asset/706d1ac423bb79a9/media,717039.917
2024-10,TikTok,https://x-ad-assets.s3.amazonaws.com/media_asset/7f1b06de7aab5c97/media,161152.6113
2024-10,YouTube,https://x-ad-assets.s3.amazonaws.com/media_asset/955fb9b9276d98cd/media,361318.3308
2024-10,YouTube,https://x-ad-assets.s3.amazonaws.com/media_asset/5f7d0fa39ff07952/media,291692.1884
2024-10,YouTube,https://x-ad-assets.s3.amazonaws.com/media_asset/440c3b96b82044b0/media,236922.8595
2024-11,Desktop Display,https://s3.amazonaws.com/YM_Ads/ZA2v-G3I3yVxlnOVd1bWvQ.png,932684.1298999999
2024-11,Desktop Display,https://s3.amazonaws.com/YM_Ads/-uypsglXY8YjjMjy19PcWQ.png,842184.5606
2024-11,Desktop Display,https://s3.amazonaws.com/YM_Ads/oIvg4HAD_qF66G-9bLp3Fg.png,216100.23
2024-11,Desktop Video,https://s3.amazonaws.com/YM_Ads/4ax9BOgIdQo19movTwfooA.mp4,359232.3829
2024-11,Desktop Video,https://s3.amazonaws.com/YM_Ads/skyovOSY2rAJr6FOhXxobQ.mp4,151662.2696
2024-11,Desktop Video,https://s3.amazonaws.com/YM_Ads/P33fRqBRbnlnn3yL9jMZLA.mp4,144142.1563
2024-11,Facebook,https://s3.amazonaws.com/YM_Ads/2727895697295517437.png,392193.9768
2024-11,Facebook,https://s3.amazonaws.com/YM_Ads/6676550154921023854.png,214094.6615
2024-11,Facebook,https://s3.amazonaws.com/YM_Ads/-4954060316539940705.png,206894.0499
2024-11,Instagram,https://s3.amazonaws.com/YM_Ads/8535314480578865806.png,511292.0273
2024-11,Instagram,https://s3.amazonaws.com/YM_Ads/7667870999251460969.png,328064.6442
2024-11,Instagram,https://s3.amazonaws.com/YM_Ads/-7066687179865131895.png,281852.7155
2024-11,Mobile Display,https://s3.amazonaws.com/YM_Ads/CGvVMzhNcCiKiCLFk7VCdQ.png,66373.5361
2024-11,Mobile Display,https://s3.amazonaws.com/YM_Ads/8KSYRz4sEoYPMZ0GOtSQ3A.png,59071.8923
2024-11,Mobile Display,https://s3.amazonaws.com/YM_Ads/0Uy_yjowqMZ-xkbydDPgAQ.png,49507.0379
2024-11,OTT,https://x-ad-assets.s3.amazonaws.com/media_asset/ede10862c38d1280/media,980658.0469
2024-11,OTT,https://x-ad-assets.s3.amazonaws.com/media_asset/1e2c65c6417f12dd/media,875906.1905
2024-11,OTT,https://x-ad-assets.s3.amazonaws.com/media_asset/fc632831e12ea761/media,872150.4463
2024-11,TikTok,https://x-ad-assets.s3.amazonaws.com/media_asset/46ce1a492a28ae2a/media,727429.9807
2024-11,TikTok,https://x-ad-assets.s3.amazonaws.com/media_asset/706d1ac423bb79a9/media,644131.7539
2024-11,TikTok,https://x-ad-assets.s3.amazonaws.com/media_asset/4e7f0a40bbfe7038/media,20832.2679
2024-11,YouTube,https://x-ad-assets.s3.amazonaws.com/media_asset/955fb9b9276d98cd/media,307821.8457
2024-11,YouTube,https://x-ad-assets.s3.amazonaws.com/media_asset/970ed43a8cf74499/media,248895.776
2024-11,YouTube,https://x-ad-assets.s3.amazonaws.com/media_asset/5f7d0fa39ff07952/media,111088.2848
2024-12,Desktop Display,https://s3.amazonaws.com/YM_Ads/jrRHV0enf-uLkdkcQxnZwA.png,376442.5151
2024-12,Desktop Display,https://s3.amazonaws.com/YM_Ads/oIvg4HAD_qF66G-9bLp3Fg.png,276939.2974
2024-12,Desktop Display,https://s3.amazonaws.com/YM_Ads/8GrOWBTdjpyrbEjSk-PqZQ.png,251602.71
2024-12,Desktop Video,https://s3.amazonaws.com/YM_Ads/4ax9BOgIdQo19movTwfooA.mp4,126923.2277
2024-12,Desktop Video,https://s3.amazonaws.com/YM_Ads/P33fRqBRbnlnn3yL9jMZLA.mp4,107130.70959999999
2024-12,Desktop Video,https://s3.amazonaws.com/YM_Ads/M9tbWqoDLOrZq3XjyVEOnw.mp4,55416.5527
2024-12,Facebook,https://s3.amazonaws.com/YM_Ads/4135872406115760760.png,493904.4532
2024-12,Facebook,https://s3.amazonaws.com/YM_Ads/6676550154921023854.png,254937.6843
2024-12,Facebook,https://s3.amazonaws.com/YM_Ads/-1087682468884149667.png,204897.2169
2024-12,Instagram,https://s3.amazonaws.com/YM_Ads/7667870999251460969.png,795875.3079
2024-12,Instagram,https://s3.amazonaws.com/YM_Ads/-570956462416789518.png,486921.4308
2024-12,Instagram,https://s3.amazonaws.com/YM_Ads/-7066687179865131895.png,411456.5842
2024-12,Mobile Display,https://s3.amazonaws.com/YM_Ads/49-vjL7e8TH7HKr1S7oKjA.png,115379.1807
2024-12,Mobile Display,https://s3.amazonaws.com/YM_Ads/8SMltuBjAEr5VOzhcdbsfw.png,66356.1473
2024-12,Mobile Display,https://s3.amazonaws.com/YM_Ads/z2r1gd_znIYuaLQRnnlz4Q.png,54878.1901
2024-12,OTT,https://x-ad-assets.s3.amazonaws.com/media_asset/fc632831e12ea761/media,1105649.3981
2024-12,OTT,https://x-ad-assets.s3.amazonaws.com/media_asset/bfb550c8758c8c1b/media,876608.2812
2024-12,OTT,https://x-ad-assets.s3.amazonaws.com/media_asset/cbfb717450bc226f/media,807315.9398
2024-12,TikTok,https://x-ad-assets.s3.amazonaws.com/media_asset/46ce1a492a28ae2a/media,417216.7683
2024-12,TikTok,https://x-ad-assets.s3.amazonaws.com/media_asset/706d1ac423bb79a9/media,395187.6523
2024-12,TikTok,https://x-ad-assets.s3.amazonaws.com/media_asset/4e7f0a40bbfe7038/media,7698.054099999999
2024-12,YouTube,https://x-ad-assets.s3.amazonaws.com/media_asset/b69e777af70096a8/media,330890.5415
2024-12,YouTube,https://x-ad-assets.s3.amazonaws.com/media_asset/970ed43a8cf74499/media,301970.3117
2024-12,YouTube,https://x-ad-assets.s3.amazonaws.com/media_asset/70e20f2aa78fba7c/media,171647.5365
